fecha,temp_media,temp_max,temp_min,precipitacion_mm,humedad_%
2020-01-01,18.78,23.42,16.31,0.14,79.36
2020-01-02,18.95,22.29,16.1,0.07,78.58
2020-01-03,19.56,22.79,16.85,0.04,74.96
2020-01-04,19.97,24.16,17.09,0.05,71.77
2020-01-05,19.75,23.98,16.61,0.02,70.15
2020-01-06,19.62,23.89,16.25,0.01,70.33
2020-01-07,19.26,23.57,16.08,0.02,75.68
2020-01-08,19.24,22.92,16.38,0.06,77.58
2020-01-09,19.7,24.0,16.79,0.04,74.49
2020-01-10,20.75,25.39,17.12,0.01,68.84
2020-01-11,20.43,24.36,16.78,0.0,68.99
2020-01-12,20.72,25.73,17.1,0.0,67.99
2020-01-13,20.45,25.11,16.69,0.0,68.28
2020-01-14,20.17,23.79,16.88,0.02,72.95
2020-01-15,19.72,23.04,17.1,0.03,75.89
2020-01-16,20.55,24.72,17.7,0.17,71.42
2020-01-17,21.09,26.36,17.31,0.1,67.37
2020-01-18,20.71,25.67,16.24,0.08,66.44
2020-01-19,20.62,24.7,17.02,0.02,70.91
2020-01-20,20.32,23.06,18.06,0.18,75.98
2020-01-21,20.63,24.51,18.29,0.0,73.78
2020-01-22,19.21,22.45,17.32,0.02,83.63
2020-01-23,19.04,22.53,16.89,0.07,83.69
2020-01-24,19.85,23.26,17.37,0.04,78.68
2020-01-25,20.16,23.06,17.85,0.04,71.65
2020-01-26,20.41,24.18,17.68,0.02,72.67
2020-01-27,20.85,25.08,17.68,0.05,75.78
2020-01-28,19.82,23.46,17.41,0.32,79.67
2020-01-29,19.68,22.99,16.98,0.07,79.23
2020-01-30,20.64,25.32,17.64,0.43,76.02
2020-01-31,21.06,25.37,17.41,0.36,73.04
2020-02-01,20.56,23.72,17.91,0.18,77.73
2020-02-02,20.82,24.22,18.15,0.43,75.34
2020-02-03,19.89,23.2,17.9,0.52,80.98
2020-02-04,20.3,23.64,17.58,0.09,77.41
2020-02-05,20.4,24.54,17.83,0.03,72.68
2020-02-06,20.29,23.61,17.86,0.01,71.06
2020-02-07,20.71,24.26,17.79,0.02,73.32
2020-02-08,20.49,23.98,17.67,0.04,73.85
2020-02-09,20.18,24.12,17.3,0.27,75.2
2020-02-10,20.32,24.61,17.05,0.22,76.15
2020-02-11,20.72,24.68,17.63,0.29,77.46
2020-02-12,20.76,24.36,18.11,0.02,76.62
2020-02-13,20.43,23.57,17.87,0.03,71.83
2020-02-14,20.44,24.22,17.35,0.1,74.97
2020-02-15,20.66,24.71,17.89,0.02,77.57
2020-02-16,20.82,24.34,17.89,0.04,76.67
2020-02-17,21.12,25.19,18.39,0.04,77.93
2020-02-18,20.94,24.57,18.62,0.08,79.36
2020-02-19,21.31,25.54,18.85,0.06,76.24
2020-02-20,21.01,24.75,18.38,0.03,74.6
2020-02-21,20.24,23.78,17.87,0.05,80.69
2020-02-22,20.18,23.65,18.1,0.07,81.01
2020-02-23,20.58,24.36,17.77,0.08,77.76
2020-02-24,21.11,25.35,18.34,0.02,76.98
2020-02-25,20.5,24.91,17.64,0.05,78.39
2020-02-26,20.61,24.62,17.87,0.05,79.04
2020-02-27,20.63,25.1,18.01,0.03,78.08
2020-02-28,20.53,24.3,17.93,0.14,79.64
2020-02-29,20.15,23.18,17.94,0.54,82.59
2020-03-01,20.41,23.76,17.74,0.28,81.04
2020-03-02,20.56,24.53,18.14,0.05,77.43
2020-03-03,21.09,25.23,17.64,0.02,75.92
2020-03-04,20.95,24.41,18.51,0.02,75.61
2020-03-05,21.43,26.34,18.37,0.01,74.05
2020-03-06,20.88,24.54,18.05,0.04,74.66
2020-03-07,21.0,24.78,18.16,0.01,73.17
2020-03-08,20.9,25.21,18.09,0.04,73.38
2020-03-09,20.99,25.78,17.89,0.05,75.28
2020-03-10,21.18,25.63,18.12,0.0,75.24
2020-03-11,21.17,25.55,18.18,0.0,75.75
2020-03-12,21.05,24.87,18.34,0.02,74.96
2020-03-13,21.06,25.51,17.76,0.03,76.49
2020-03-14,21.02,24.84,19.02,0.04,75.63
2020-03-15,20.67,24.51,18.64,0.02,77.6
2020-03-16,20.31,24.05,17.92,0.12,78.24
2020-03-17,20.22,24.22,18.01,0.13,77.13
2020-03-18,20.16,23.5,17.79,0.07,74.76
2020-03-19,20.08,23.52,17.18,0.01,73.06
2020-03-20,19.36,22.73,17.17,0.1,72.29
2020-03-21,19.63,23.9,16.4,0.02,65.79
2020-03-22,19.79,24.32,16.49,0.03,70.57
2020-03-23,19.67,23.64,16.94,0.07,76.94
2020-03-24,19.95,24.45,16.87,0.09,79.4
2020-03-25,20.26,24.38,17.39,0.11,77.51
2020-03-26,19.59,23.21,17.44,0.06,79.94
2020-03-27,19.62,23.85,16.84,0.09,79.28
2020-03-28,19.31,22.13,17.39,0.04,78.03
2020-03-29,20.05,24.35,17.01,0.02,74.05
2020-03-30,19.68,22.76,17.04,0.03,74.6
2020-03-31,19.44,23.64,17.18,1.14,80.01
2020-04-01,19.56,24.12,16.52,0.64,79.98
2020-04-02,20.6,25.7,16.86,0.06,73.29
2020-04-03,20.72,25.34,17.43,0.01,70.48
2020-04-04,20.27,24.29,17.48,0.02,72.68
2020-04-05,20.13,24.02,17.26,0.01,71.51
2020-04-06,20.57,24.81,16.98,0.0,70.86
2020-04-07,20.88,24.92,17.72,0.0,71.46
2020-04-08,20.76,24.79,17.63,0.02,70.24
2020-04-09,20.65,25.19,17.6,0.01,72.62
2020-04-10,20.67,25.25,17.88,0.0,71.59
2020-04-11,19.66,24.06,16.74,0.0,75.57
2020-04-12,19.59,24.4,16.42,0.0,72.78
2020-04-13,19.24,24.11,16.13,0.0,73.1
2020-04-14,18.96,24.04,15.3,0.0,69.64
2020-04-15,19.5,24.59,15.57,0.0,64.53
2020-04-16,19.77,24.29,15.8,0.0,65.92
2020-04-17,20.33,24.84,16.61,0.0,63.64
2020-04-18,19.52,23.42,16.83,0.0,69.59
2020-04-19,19.61,24.04,16.6,0.0,68.11
2020-04-20,19.37,24.08,15.65,0.0,66.43
2020-04-21,19.45,24.42,15.48,0.0,62.15
2020-04-22,18.99,23.41,14.96,0.0,65.63
2020-04-23,18.9,23.43,15.2,0.0,68.57
2020-04-24,18.83,23.19,15.72,0.0,68.81
2020-04-25,18.77,23.74,15.13,0.0,70.34
2020-04-26,19.45,24.22,16.17,0.02,68.49
2020-04-27,18.95,22.52,16.54,0.01,71.93
2020-04-28,19.09,24.07,16.07,0.0,71.46
2020-04-29,18.81,23.52,15.32,0.0,73.34
2020-04-30,19.35,23.8,15.54,0.0,69.16
2020-05-01,19.61,23.76,16.44,0.02,70.31
2020-05-02,19.69,23.59,16.52,0.02,71.66
2020-05-03,19.41,22.58,17.48,0.04,74.25
2020-05-04,19.45,23.4,16.64,0.0,67.21
2020-05-05,19.86,24.21,16.33,0.01,63.14
2020-05-06,20.15,24.24,17.05,0.0,62.89
2020-05-07,19.46,23.35,16.6,0.02,70.2
2020-05-08,19.94,24.26,17.21,0.01,63.18
2020-05-09,20.05,24.66,16.58,0.01,65.04
2020-05-10,19.27,23.85,16.33,0.0,66.94
2020-05-11,18.42,23.6,15.12,0.0,64.39
2020-05-12,18.28,23.64,14.91,0.0,63.93
2020-05-13,18.6,23.26,15.17,0.0,64.18
2020-05-14,18.73,23.5,15.63,0.0,64.14
2020-05-15,18.81,23.57,15.14,0.0,59.03
2020-05-16,18.62,23.31,14.78,0.0,66.19
2020-05-17,18.9,23.71,15.54,0.0,62.65
2020-05-18,18.88,23.94,15.53,0.0,58.99
2020-05-19,18.35,23.77,14.56,0.0,57.83
2020-05-20,18.36,23.33,14.57,0.0,55.93
2020-05-21,18.15,23.13,14.44,0.0,61.11
2020-05-22,18.4,23.0,14.34,0.0,60.2
2020-05-23,18.51,22.57,15.7,0.0,64.06
2020-05-24,18.88,23.38,15.36,0.0,63.66
2020-05-25,18.84,23.62,15.18,0.0,60.86
2020-05-26,18.93,25.03,14.19,0.01,56.15
2020-05-27,18.42,23.72,13.94,0.0,55.33
2020-05-28,17.63,21.62,14.8,0.01,64.24
2020-05-29,17.46,22.12,14.07,0.0,70.1
2020-05-30,17.57,22.55,13.83,0.0,69.98
2020-05-31,17.59,22.45,14.31,0.0,69.54
2020-06-01,17.58,22.03,14.43,0.0,69.85
2020-06-02,17.65,21.79,14.82,0.0,66.49
2020-06-03,17.21,22.15,14.23,0.0,65.39
2020-06-04,17.24,21.69,13.53,0.0,65.43
2020-06-05,17.69,21.9,14.21,0.0,67.37
2020-06-06,17.96,22.01,14.63,0.0,64.27
2020-06-07,17.9,23.07,14.56,0.0,66.06
2020-06-08,17.78,23.37,13.82,0.0,66.26
2020-06-09,17.15,22.38,13.65,0.0,69.65
2020-06-10,16.36,21.2,12.52,0.0,71.26
2020-06-11,16.49,21.6,13.44,0.0,71.24
2020-06-12,16.49,21.28,13.29,0.0,72.41
2020-06-13,17.44,22.16,14.28,0.0,70.52
2020-06-14,17.67,22.34,14.34,0.0,67.24
2020-06-15,17.36,22.33,13.8,0.0,64.44
2020-06-16,17.34,22.51,13.63,0.0,65.17
2020-06-17,17.31,22.66,13.21,0.0,63.45
2020-06-18,16.45,21.03,13.64,0.02,72.13
2020-06-19,16.88,21.69,13.56,0.02,67.49
2020-06-20,17.37,22.96,13.38,0.04,60.34
2020-06-21,17.38,22.77,13.6,0.02,63.03
2020-06-22,17.19,21.99,13.36,0.04,64.84
2020-06-23,17.23,22.03,13.95,0.08,62.7
2020-06-24,16.77,21.65,13.04,0.04,56.66
2020-06-25,16.6,21.48,12.62,0.0,59.55
2020-06-26,16.78,21.49,13.77,0.01,67.04
2020-06-27,17.31,22.59,13.65,0.0,62.25
2020-06-28,16.98,22.1,13.59,0.0,61.85
2020-06-29,16.6,22.16,12.28,0.0,57.19
2020-06-30,16.3,21.57,11.98,0.0,60.54
2020-07-01,16.13,21.55,12.0,0.0,64.62
2020-07-02,15.92,21.33,11.75,0.0,61.68
2020-07-03,15.97,21.2,11.22,0.0,64.34
2020-07-04,16.43,20.7,13.14,0.0,64.29
2020-07-05,16.49,20.78,13.32,0.0,66.42
2020-07-06,16.46,20.79,13.67,0.01,66.94
2020-07-07,15.74,20.63,12.65,0.01,60.74
2020-07-08,15.57,20.87,11.57,0.01,62.92
2020-07-09,15.97,20.99,12.0,1.74,62.11
2020-07-10,16.83,21.56,13.43,0.07,56.75
2020-07-11,16.26,21.13,12.57,0.13,53.1
2020-07-12,16.59,20.9,13.3,0.01,60.16
2020-07-13,16.63,21.39,12.66,0.02,63.97
2020-07-14,17.4,22.38,13.61,0.01,60.82
2020-07-15,18.0,22.76,14.18,0.0,57.13
2020-07-16,17.51,22.84,13.85,0.0,63.41
2020-07-17,16.69,21.5,13.64,0.0,67.3
2020-07-18,16.48,21.97,12.58,0.0,62.1
2020-07-19,16.37,21.46,11.94,0.0,60.27
2020-07-20,15.88,20.86,11.74,0.0,63.31
2020-07-21,15.91,21.15,11.8,0.0,64.78
2020-07-22,16.49,21.15,12.76,0.0,64.59
2020-07-23,16.64,21.54,13.22,0.0,61.25
2020-07-24,16.78,21.6,13.25,0.01,53.68
2020-07-25,16.19,21.37,12.25,0.14,57.46
2020-07-26,16.33,21.56,11.94,0.19,58.06
2020-07-27,16.49,21.26,12.3,0.45,59.27
2020-07-28,16.43,21.59,11.9,0.24,59.71
2020-07-29,16.68,22.19,12.18,0.25,57.01
2020-07-30,17.51,22.49,12.53,0.01,56.26
2020-07-31,17.66,22.66,13.96,0.02,59.93
2020-08-01,17.04,22.52,12.41,0.09,61.39
2020-08-02,17.51,23.15,12.86,0.01,54.7
2020-08-03,16.74,22.12,12.39,0.16,61.07
2020-08-04,17.0,22.61,12.05,0.0,56.27
2020-08-05,16.85,22.6,12.38,0.0,56.04
2020-08-06,17.03,21.91,12.41,0.0,55.2
2020-08-07,17.4,23.22,12.21,0.0,54.09
2020-08-08,17.8,23.4,12.85,0.0,49.28
2020-08-09,17.88,21.71,14.23,0.0,54.79
2020-08-10,17.34,22.32,14.04,0.03,56.7
2020-08-11,16.91,21.72,12.7,0.05,50.3
2020-08-12,16.74,22.1,12.73,0.01,51.14
2020-08-13,16.85,21.95,12.62,0.01,52.13
2020-08-14,16.82,21.99,12.83,0.06,53.55
2020-08-15,16.85,21.88,12.62,0.14,50.46
2020-08-16,16.64,21.35,13.14,0.09,54.35
2020-08-17,16.27,21.12,13.17,0.05,58.46
2020-08-18,15.84,21.15,12.09,0.07,63.14
2020-08-19,16.14,21.37,12.33,0.04,61.36
2020-08-20,16.95,22.24,12.83,0.04,56.82
2020-08-21,17.06,21.31,13.99,0.06,61.91
2020-08-22,16.66,21.07,13.37,0.16,63.45
2020-08-23,15.97,20.59,13.11,0.06,65.17
2020-08-24,16.18,20.84,12.22,0.0,63.91
2020-08-25,16.7,21.31,13.47,0.0,62.84
2020-08-26,16.92,21.86,13.38,0.0,63.38
2020-08-27,16.88,21.96,13.79,0.0,65.51
2020-08-28,16.97,21.98,13.3,0.0,63.17
2020-08-29,15.99,20.8,12.62,0.0,66.65
2020-08-30,15.99,20.7,12.18,0.0,65.56
2020-08-31,16.44,21.63,12.4,0.0,63.01
2020-09-01,16.65,21.62,13.05,0.0,61.23
2020-09-02,16.0,20.73,12.2,0.0,65.81
2020-09-03,17.02,21.79,12.96,0.0,59.02
2020-09-04,17.38,22.16,12.79,0.0,57.09
2020-09-05,17.4,21.57,13.72,0.0,58.24
2020-09-06,17.23,22.03,13.36,0.0,59.06
2020-09-07,16.74,21.05,12.68,0.01,58.13
2020-09-08,17.09,21.37,13.65,0.0,56.36
2020-09-09,17.57,22.07,14.04,0.0,56.59
2020-09-10,17.43,22.03,13.55,0.0,57.23
2020-09-11,17.66,22.08,13.51,0.0,54.64
2020-09-12,17.67,22.04,14.6,0.0,59.13
2020-09-13,17.61,21.53,14.69,0.0,60.57
2020-09-14,17.77,21.74,14.17,0.0,60.27
2020-09-15,17.37,22.06,14.02,0.01,60.35
2020-09-16,17.19,22.46,13.53,0.0,53.71
2020-09-17,16.73,21.48,12.81,0.0,53.38
2020-09-18,17.29,22.24,13.28,0.0,55.19
2020-09-19,17.47,22.41,13.87,0.0,60.55
2020-09-20,17.56,22.62,13.76,0.0,62.38
2020-09-21,17.71,22.11,14.1,0.0,60.85
2020-09-22,17.6,22.6,13.84,0.02,59.01
2020-09-23,17.82,22.48,14.24,0.01,61.61
2020-09-24,17.95,23.64,13.49,0.03,59.16
2020-09-25,17.7,22.05,14.68,0.02,62.32
2020-09-26,17.43,21.38,14.46,0.02,61.82
2020-09-27,17.25,22.14,13.75,0.01,59.38
2020-09-28,17.15,21.73,13.7,0.0,60.52
2020-09-29,17.58,21.75,14.38,0.0,61.59
2020-09-30,17.48,20.86,14.89,0.0,64.04
2020-10-01,18.31,21.85,15.46,0.0,61.66
2020-10-02,17.58,21.31,14.4,0.0,65.17
2020-10-03,17.8,22.49,14.19,0.0,63.91
2020-10-04,17.26,21.46,14.49,0.0,66.78
2020-10-05,17.08,21.73,13.71,0.0,65.96
2020-10-06,17.23,21.93,12.69,0.0,62.83
2020-10-07,18.8,23.62,14.18,0.0,57.18
2020-10-08,18.3,22.36,15.05,0.0,61.37
2020-10-09,18.89,24.11,15.31,0.0,57.93
2020-10-10,18.61,23.29,13.85,0.0,59.44
2020-10-11,18.96,24.53,14.59,0.0,57.98
2020-10-12,18.7,23.05,14.43,0.0,57.57
2020-10-13,18.65,22.33,15.46,0.01,60.07
2020-10-14,18.2,21.96,15.66,0.03,62.89
2020-10-15,19.17,23.65,15.46,0.0,56.98
2020-10-16,19.75,24.74,15.43,0.0,57.08
2020-10-17,19.09,23.92,15.75,0.0,61.11
2020-10-18,17.78,22.37,14.5,0.0,61.67
2020-10-19,17.72,22.54,13.7,0.0,58.4
2020-10-20,18.02,23.14,13.77,0.0,57.97
2020-10-21,18.3,22.7,14.48,0.0,57.14
2020-10-22,18.94,23.69,14.86,0.0,56.47
2020-10-23,18.84,23.02,15.27,0.02,56.66
2020-10-24,17.61,21.64,14.5,0.02,63.52
2020-10-25,18.0,22.13,14.9,0.0,62.79
2020-10-26,18.93,23.8,15.51,0.0,58.16
2020-10-27,18.38,23.29,14.91,0.0,64.3
2020-10-28,17.87,22.57,14.01,0.4,61.11
2020-10-29,17.59,21.91,14.75,0.18,61.93
2020-10-30,17.96,21.82,14.82,0.01,60.3
2020-10-31,18.1,23.06,15.07,0.11,47.57
2020-11-01,17.38,22.01,13.56,0.02,50.5
2020-11-02,16.51,21.01,12.94,0.0,58.4
2020-11-03,16.57,20.7,12.84,0.0,67.44
2020-11-04,17.73,22.12,13.59,0.0,60.93
2020-11-05,18.01,22.43,14.61,0.0,59.23
2020-11-06,17.73,22.8,14.23,0.01,61.38
2020-11-07,17.33,21.69,13.2,0.01,64.86
2020-11-08,17.89,23.12,13.4,0.0,64.56
2020-11-09,17.74,22.19,13.82,0.0,65.63
2020-11-10,17.46,22.2,14.07,0.98,65.49
2020-11-11,17.53,22.65,13.39,0.06,60.45
2020-11-12,17.46,21.93,13.49,0.02,58.53
2020-11-13,17.7,22.43,14.25,0.0,58.82
2020-11-14,17.37,22.05,13.9,0.04,61.91
2020-11-15,17.25,21.54,13.17,0.01,64.63
2020-11-16,17.86,22.14,13.89,0.01,63.03
2020-11-17,17.66,22.0,14.37,0.0,64.17
2020-11-18,17.84,22.36,13.92,0.01,61.21
2020-11-19,18.21,23.13,14.07,0.0,57.79
2020-11-20,18.04,22.75,14.68,0.0,56.75
2020-11-21,17.58,20.65,15.56,0.01,58.64
2020-11-22,18.21,22.58,14.29,0.0,61.19
2020-11-23,18.77,24.27,13.93,0.0,60.43
2020-11-24,18.34,23.31,13.7,0.0,63.4
2020-11-25,17.69,21.09,15.16,0.0,65.89
2020-11-26,17.91,22.1,14.29,0.0,64.67
2020-11-27,18.55,22.9,15.35,0.04,58.89
2020-11-28,19.53,23.38,16.08,0.01,56.17
2020-11-29,19.22,23.19,16.21,0.02,62.02
2020-11-30,18.39,22.32,15.17,0.01,69.85
2020-12-01,18.19,21.97,15.03,0.01,71.97
2020-12-02,18.11,21.56,15.18,0.03,71.01
2020-12-03,16.98,19.86,14.0,0.04,76.72
2020-12-04,17.61,19.87,14.67,0.24,73.31
2020-12-05,18.08,20.99,15.91,0.08,73.95
2020-12-06,18.69,21.72,16.23,0.1,72.41
2020-12-07,18.02,20.64,15.77,0.81,75.72
2020-12-08,18.56,21.88,15.57,0.11,74.11
2020-12-09,18.58,22.19,15.81,0.0,71.98
2020-12-10,18.6,22.62,15.34,0.01,72.04
2020-12-11,18.25,22.26,15.08,0.01,73.5
2020-12-12,18.18,21.79,14.56,0.01,73.92
2020-12-13,18.76,23.1,15.09,0.04,68.56
2020-12-14,19.17,23.09,15.5,0.01,68.72
2020-12-15,18.6,22.18,14.92,0.01,68.78
2020-12-16,18.7,22.89,15.96,0.12,69.06
2020-12-17,18.14,21.02,14.88,0.06,74.71
2020-12-18,18.28,21.54,16.02,0.1,75.5
2020-12-19,18.83,22.39,15.25,0.06,73.32
2020-12-20,19.15,22.89,16.12,0.05,71.71
2020-12-21,19.32,23.61,16.13,0.03,69.6
2020-12-22,18.45,21.54,16.44,0.08,76.03
2020-12-23,18.47,22.1,15.65,0.05,71.86
2020-12-24,18.34,21.16,15.45,0.03,68.69
2020-12-25,17.67,21.93,14.25,0.05,74.5
2020-12-26,18.13,21.58,15.09,0.34,75.5
2020-12-27,17.47,20.68,15.26,0.46,78.42
2020-12-28,19.03,22.48,16.09,0.13,66.13
2020-12-29,19.51,24.43,16.26,0.34,61.13
2020-12-30,18.84,23.02,16.25,4.94,70.93
2020-12-31,17.92,21.39,15.89,2.08,77.79
2021-01-01,18.35,21.51,15.81,0.12,77.16
2021-01-02,19.14,22.87,15.6,0.13,73.94
2021-01-03,18.9,21.72,16.45,0.26,75.68
2021-01-04,18.79,21.73,15.9,0.54,73.24
2021-01-05,18.05,20.91,15.77,0.16,74.18
2021-01-06,18.88,23.01,15.7,0.39,71.67
2021-01-07,19.05,22.54,15.8,0.2,68.75
2021-01-08,19.17,22.91,15.93,0.06,76.61
2021-01-09,18.84,22.17,15.94,0.09,80.48
2021-01-10,19.17,22.9,16.05,0.12,78.13
2021-01-11,19.36,22.7,16.21,0.16,77.5
2021-01-12,19.08,22.61,16.6,0.8,78.32
2021-01-13,18.9,22.33,16.39,2.53,81.06
2021-01-14,18.44,20.89,16.41,4.17,82.73
2021-01-15,18.23,20.58,16.36,1.51,81.41
2021-01-16,18.59,21.49,15.69,0.04,72.97
2021-01-17,19.28,23.83,16.15,0.0,68.11
2021-01-18,19.18,22.79,16.34,0.06,71.86
2021-01-19,19.85,23.89,16.86,0.08,70.66
2021-01-20,19.63,23.3,16.78,0.12,72.88
2021-01-21,19.58,22.91,16.74,0.04,75.61
2021-01-22,19.66,23.59,16.63,0.01,75.83
2021-01-23,20.08,24.46,16.86,0.01,72.0
2021-01-24,20.11,24.4,17.09,0.02,70.87
2021-01-25,20.06,24.47,16.77,0.23,70.23
2021-01-26,20.09,24.69,16.75,0.07,69.34
2021-01-27,20.17,24.15,17.24,0.0,67.29
2021-01-28,20.64,25.23,17.1,0.0,61.73
2021-01-29,20.1,24.51,16.59,0.01,60.77
2021-01-30,19.62,24.33,16.12,0.03,67.78
2021-01-31,20.17,23.82,16.91,0.06,67.76
2021-02-01,19.76,23.43,16.27,0.01,69.31
2021-02-02,19.99,23.75,16.95,0.0,67.4
2021-02-03,19.9,23.3,17.04,0.01,66.87
2021-02-04,19.72,23.75,16.5,0.28,72.62
2021-02-05,19.56,23.35,16.95,0.42,75.96
2021-02-06,19.3,22.33,17.03,0.09,77.04
2021-02-07,20.22,24.76,17.26,0.03,71.33
2021-02-08,20.93,25.37,17.58,0.03,67.56
2021-02-09,21.14,25.58,18.04,0.06,66.55
2021-02-10,20.09,24.11,16.67,0.02,72.09
2021-02-11,20.35,23.97,17.94,0.08,70.17
2021-02-12,20.11,23.31,17.82,0.15,71.16
2021-02-13,20.86,25.7,17.38,0.0,66.2
2021-02-14,20.49,24.92,16.98,0.0,66.42
2021-02-15,20.35,24.97,16.98,0.0,65.43
2021-02-16,20.26,24.53,16.62,0.01,62.3
2021-02-17,20.71,25.71,17.07,0.0,58.81
2021-02-18,20.68,25.57,17.18,0.0,56.56
2021-02-19,20.29,25.07,16.18,0.0,57.44
2021-02-20,19.84,24.4,16.3,0.01,60.17
2021-02-21,19.1,23.11,16.31,0.03,70.07
2021-02-22,19.32,23.19,16.16,0.02,69.6
2021-02-23,19.74,24.09,16.78,0.02,67.59
2021-02-24,20.46,25.36,16.52,0.01,65.09
2021-02-25,20.74,25.7,17.59,0.01,68.36
2021-02-26,20.72,25.34,17.07,0.0,70.38
2021-02-27,19.92,23.52,17.31,0.0,71.68
2021-02-28,20.06,23.53,17.53,0.05,73.4
2021-03-01,20.59,24.68,17.7,0.18,70.01
2021-03-02,19.31,22.59,17.15,0.76,79.2
2021-03-03,20.3,23.8,17.45,0.12,69.22
2021-03-04,19.33,22.86,17.13,0.2,77.68
2021-03-05,19.68,23.5,17.33,0.15,82.88
2021-03-06,20.6,24.19,17.52,0.41,75.12
2021-03-07,20.13,23.73,17.48,0.81,78.63
2021-03-08,20.98,25.34,17.69,0.21,67.17
2021-03-09,19.95,23.74,17.4,0.14,76.22
2021-03-10,19.78,23.24,17.47,0.48,80.68
2021-03-11,19.96,23.86,16.8,0.08,76.21
2021-03-12,20.3,24.52,17.08,0.0,72.02
2021-03-13,20.18,24.25,17.21,0.0,69.39
2021-03-14,19.98,23.59,16.62,0.02,70.99
2021-03-15,20.24,24.14,17.67,0.01,68.55
2021-03-16,18.87,22.13,16.57,0.15,72.01
2021-03-17,20.18,23.99,17.42,0.08,68.98
2021-03-18,20.23,24.5,16.74,0.02,69.16
2021-03-19,19.99,24.25,17.26,0.01,65.85
2021-03-20,19.95,24.65,16.38,0.02,63.4
2021-03-21,19.9,24.4,16.69,0.04,61.28
2021-03-22,19.87,24.17,16.87,0.05,66.21
2021-03-23,19.34,23.7,16.54,0.31,75.5
2021-03-24,19.79,24.05,16.86,0.17,73.51
2021-03-25,19.67,23.71,16.52,0.04,74.56
2021-03-26,19.55,22.96,17.23,0.03,75.64
2021-03-27,19.51,23.77,16.11,0.11,74.87
2021-03-28,19.78,23.76,16.9,0.11,72.88
2021-03-29,18.43,21.55,16.62,1.57,79.08
2021-03-30,19.28,23.63,16.49,0.87,74.84
2021-03-31,19.23,22.79,16.53,0.36,74.59
2021-04-01,19.41,22.99,16.88,0.0,70.19
2021-04-02,19.79,24.15,16.41,0.0,68.76
2021-04-03,19.61,23.55,16.58,0.03,70.55
2021-04-04,20.1,24.05,16.62,0.03,70.99
2021-04-05,19.97,24.59,16.61,0.02,74.75
2021-04-06,20.19,24.33,17.41,0.07,72.86
2021-04-07,19.63,23.32,17.29,0.07,75.67
2021-04-08,19.34,23.28,16.71,0.51,75.9
2021-04-09,19.0,22.64,16.62,1.12,75.21
2021-04-10,18.88,22.8,16.43,0.17,76.48
2021-04-11,19.73,23.5,16.97,0.02,70.89
2021-04-12,19.62,22.68,17.76,0.22,70.4
2021-04-13,20.12,24.12,17.07,0.11,65.63
2021-04-14,19.68,24.15,16.51,0.01,67.01
2021-04-15,18.53,22.83,15.36,0.0,71.57
2021-04-16,18.45,22.7,15.27,0.0,71.34
2021-04-17,18.9,23.66,15.35,0.0,68.51
2021-04-18,19.09,23.48,15.52,0.01,65.8
2021-04-19,18.87,23.27,15.82,0.01,71.66
2021-04-20,18.6,24.1,14.95,0.01,71.29
2021-04-21,19.06,23.51,15.64,0.06,67.38
2021-04-22,18.18,22.67,15.02,0.11,69.41
2021-04-23,18.05,23.13,14.52,0.04,67.77
2021-04-24,17.84,22.88,14.15,0.04,66.03
2021-04-25,17.73,22.43,13.86,0.03,63.7
2021-04-26,17.81,23.23,13.55,0.02,63.45
2021-04-27,17.95,22.96,14.15,0.01,59.74
2021-04-28,17.3,21.96,14.04,0.04,66.73
2021-04-29,17.58,22.06,14.53,0.03,73.79
2021-04-30,17.33,21.97,14.18,0.05,74.24
2021-05-01,17.23,20.93,14.4,0.0,76.4
2021-05-02,18.15,22.72,14.71,0.0,71.65
2021-05-03,17.09,21.44,14.84,0.0,78.16
2021-05-04,17.99,22.22,14.8,0.0,69.55
2021-05-05,18.27,22.98,15.42,0.0,67.15
2021-05-06,17.64,22.25,14.52,0.0,70.96
2021-05-07,17.2,21.64,14.05,0.0,72.95
2021-05-08,17.34,21.63,14.26,0.0,72.6
2021-05-09,18.08,23.97,13.71,0.0,64.47
2021-05-10,18.01,22.77,14.55,0.0,65.82
2021-05-11,17.86,23.05,14.08,0.0,66.69
2021-05-12,18.56,23.72,14.31,0.0,63.67
2021-05-13,18.57,22.76,15.42,0.0,64.78
2021-05-14,18.62,23.53,15.25,0.0,64.91
2021-05-15,18.21,22.92,15.08,0.0,65.44
2021-05-16,17.62,22.6,13.46,0.0,64.26
2021-05-17,17.88,22.93,13.97,0.0,57.85
2021-05-18,17.79,22.38,14.87,0.0,64.85
2021-05-19,18.0,23.54,14.24,0.0,61.58
2021-05-20,17.23,22.18,13.2,0.0,64.34
2021-05-21,17.43,22.73,13.53,0.01,65.96
2021-05-22,17.43,22.93,14.12,0.02,68.44
2021-05-23,18.27,23.11,14.96,0.03,60.15
2021-05-24,17.87,22.97,14.97,0.45,65.34
2021-05-25,17.74,21.79,14.56,0.23,68.28
2021-05-26,18.28,22.42,14.5,0.01,64.18
2021-05-27,18.14,23.46,13.98,0.02,65.29
2021-05-28,17.5,22.35,14.27,0.01,67.64
2021-05-29,17.09,21.69,14.16,0.0,71.91
2021-05-30,17.34,22.06,14.07,0.01,69.35
2021-05-31,18.02,21.74,14.84,0.05,68.04
2021-06-01,18.13,22.67,15.47,0.03,64.98
2021-06-02,17.91,22.35,14.84,0.04,68.06
2021-06-03,18.34,22.5,15.4,0.02,66.17
2021-06-04,18.0,22.69,14.93,0.01,64.62
2021-06-05,17.55,22.77,14.04,0.0,58.78
2021-06-06,17.37,23.05,13.5,0.0,60.04
2021-06-07,17.11,22.47,13.33,0.0,56.89
2021-06-08,17.49,21.79,14.5,0.0,57.94
2021-06-09,17.06,21.27,14.24,0.0,65.96
2021-06-10,16.63,21.65,13.6,0.01,67.18
2021-06-11,17.29,22.4,13.41,0.03,70.25
2021-06-12,17.42,22.23,14.51,0.01,66.82
2021-06-13,17.21,21.74,13.63,0.0,61.8
2021-06-14,17.26,22.2,14.0,0.0,61.58
2021-06-15,16.86,21.37,13.07,0.0,68.85
2021-06-16,17.57,22.6,14.12,0.0,68.46
2021-06-17,18.01,22.5,14.7,0.0,64.67
2021-06-18,17.7,22.55,14.82,0.0,68.09
2021-06-19,17.61,21.94,13.94,0.06,69.32
2021-06-20,17.59,22.16,14.46,0.2,70.16
2021-06-21,17.55,21.97,14.69,0.01,67.7
2021-06-22,16.87,22.01,13.06,0.02,68.48
2021-06-23,16.94,22.45,13.53,0.0,66.11
2021-06-24,16.51,21.39,13.42,0.03,69.12
2021-06-25,16.59,21.55,12.81,0.0,68.52
2021-06-26,16.56,21.51,13.12,0.0,67.23
2021-06-27,16.94,22.08,13.07,0.0,64.12
2021-06-28,16.83,21.27,13.32,0.0,65.99
2021-06-29,17.23,22.56,13.9,0.0,63.37
2021-06-30,16.69,21.81,12.61,0.0,63.4
2021-07-01,16.24,21.7,12.37,0.0,66.57
2021-07-02,16.29,21.99,11.49,0.0,60.99
2021-07-03,16.4,22.1,11.76,0.0,59.62
2021-07-04,16.33,22.25,11.97,0.0,60.7
2021-07-05,15.98,21.52,11.75,0.0,64.76
2021-07-06,16.55,22.86,12.28,0.0,61.27
2021-07-07,16.24,21.82,11.94,0.0,65.14
2021-07-08,16.52,22.37,12.2,0.0,62.12
2021-07-09,16.62,22.03,12.39,0.0,64.66
2021-07-10,17.15,22.25,12.73,0.0,63.81
2021-07-11,16.82,21.36,13.54,0.0,68.0
2021-07-12,17.01,21.76,13.75,0.0,68.17
2021-07-13,17.17,21.72,13.51,0.0,64.7
2021-07-14,17.1,22.2,13.3,0.0,67.08
2021-07-15,17.03,22.08,13.5,0.0,67.15
2021-07-16,16.61,21.52,13.42,0.0,68.01
2021-07-17,17.13,21.71,13.63,0.0,63.58
2021-07-18,17.6,22.18,14.17,0.04,63.48
2021-07-19,18.32,23.57,14.15,0.01,60.6
2021-07-20,18.01,22.43,14.56,0.0,62.05
2021-07-21,17.84,22.74,14.55,0.0,61.76
2021-07-22,17.65,23.43,13.39,0.0,60.79
2021-07-23,17.56,22.89,13.53,0.0,60.34
2021-07-24,16.75,22.23,13.08,0.0,62.6
2021-07-25,16.13,20.64,12.72,0.0,68.78
2021-07-26,16.63,21.43,13.23,0.0,68.09
2021-07-27,16.72,21.58,13.31,0.0,66.7
2021-07-28,17.11,21.27,13.34,0.0,64.81
2021-07-29,17.54,22.19,14.55,0.0,62.25
2021-07-30,17.06,22.1,13.6,0.0,64.34
2021-07-31,17.19,22.37,13.44,0.0,62.05
2021-08-01,17.57,22.35,13.49,0.0,62.42
2021-08-02,17.9,22.82,14.1,0.0,62.56
2021-08-03,18.13,23.03,14.03,0.0,60.66
2021-08-04,17.8,22.83,13.86,0.0,59.97
2021-08-05,17.38,22.77,13.23,0.0,59.89
2021-08-06,16.77,21.95,12.55,0.0,61.85
2021-08-07,16.35,21.35,12.67,0.0,65.21
2021-08-08,16.06,21.26,12.31,0.0,66.86
2021-08-09,16.48,21.76,12.91,0.0,65.76
2021-08-10,16.86,22.79,12.42,0.0,60.37
2021-08-11,16.9,21.69,13.25,0.0,65.47
2021-08-12,17.01,22.23,13.41,0.0,62.58
2021-08-13,17.45,22.35,13.85,0.0,60.79
2021-08-14,17.08,21.68,14.02,0.0,63.79
2021-08-15,17.07,21.67,14.13,0.08,63.24
2021-08-16,16.94,21.57,13.54,0.17,63.9
2021-08-17,17.18,22.05,13.58,0.0,62.06
2021-08-18,17.36,22.9,12.72,0.0,62.43
2021-08-19,17.31,22.37,13.51,0.0,61.38
2021-08-20,16.62,20.8,13.1,0.01,62.63
2021-08-21,17.0,21.84,12.88,0.04,64.74
2021-08-22,17.35,22.12,13.29,0.01,61.84
2021-08-23,16.97,21.69,13.62,0.04,62.66
2021-08-24,16.2,21.21,13.14,0.0,64.02
2021-08-25,16.61,21.99,13.35,0.01,57.41
2021-08-26,16.35,21.63,12.39,0.02,60.9
2021-08-27,16.91,21.6,12.93,0.01,56.31
2021-08-28,17.53,22.63,14.36,0.0,56.59
2021-08-29,17.51,21.09,14.61,0.0,58.58
2021-08-30,17.35,21.89,14.27,0.0,61.29
2021-08-31,17.45,22.59,13.78,0.0,61.6
2021-09-01,17.12,22.59,13.62,0.0,62.45
2021-09-02,16.77,21.42,13.11,0.0,63.02
2021-09-03,17.01,22.14,12.67,0.01,61.59
2021-09-04,16.79,21.63,13.33,0.01,65.06
2021-09-05,16.45,20.66,12.9,0.03,66.12
2021-09-06,16.48,21.46,13.52,0.01,64.58
2021-09-07,16.25,19.93,13.32,0.0,62.65
2021-09-08,16.73,20.88,13.0,0.0,62.31
2021-09-09,17.4,21.73,14.04,0.0,59.36
2021-09-10,17.18,21.5,14.36,0.0,57.92
2021-09-11,15.76,18.99,13.64,0.0,67.75
2021-09-12,17.04,21.99,12.54,0.0,62.84
2021-09-13,16.35,21.28,13.26,0.01,64.54
2021-09-14,16.02,20.44,12.81,0.01,66.51
2021-09-15,16.36,20.99,13.0,0.0,65.58
2021-09-16,16.83,21.93,12.59,0.0,64.18
2021-09-17,17.82,22.08,14.18,0.0,59.46
2021-09-18,16.83,21.31,13.65,0.0,63.44
2021-09-19,16.47,20.78,12.61,0.0,64.42
2021-09-20,17.44,21.33,13.94,0.0,61.52
2021-09-21,17.84,22.03,14.93,0.0,59.36
2021-09-22,17.67,21.65,15.07,0.0,60.24
2021-09-23,17.63,21.7,14.69,0.0,60.95
2021-09-24,18.01,23.32,13.76,0.0,58.08
2021-09-25,17.89,22.56,13.97,0.0,61.23
2021-09-26,18.13,23.37,13.74,0.0,58.07
2021-09-27,18.17,23.44,14.37,0.0,59.7
2021-09-28,17.6,21.97,14.0,0.0,61.66
2021-09-29,17.32,21.64,14.33,0.0,63.75
2021-09-30,17.54,21.55,14.31,0.0,64.82
2021-10-01,18.18,22.42,14.78,0.0,60.43
2021-10-02,18.0,22.95,14.92,0.0,58.61
2021-10-03,16.65,20.77,13.88,0.0,64.5
2021-10-04,16.88,21.42,13.25,0.02,65.03
2021-10-05,17.47,21.93,14.25,0.04,64.91
2021-10-06,17.99,20.95,15.84,0.0,65.0
2021-10-07,17.64,21.47,14.98,0.0,64.85
2021-10-08,17.71,21.47,14.36,0.01,61.7
2021-10-09,17.81,22.23,14.85,0.01,61.26
2021-10-10,17.9,22.4,14.59,0.01,63.51
2021-10-11,17.52,22.44,13.69,0.01,65.77
2021-10-12,17.76,22.85,13.71,0.0,61.3
2021-10-13,18.03,22.52,15.07,0.0,60.51
2021-10-14,17.34,21.68,14.27,0.0,62.84
2021-10-15,16.96,21.23,12.92,0.0,62.85
2021-10-16,17.56,21.63,14.25,0.0,61.22
2021-10-17,16.98,19.83,14.77,0.0,62.53
2021-10-18,17.49,21.71,14.1,0.0,59.57
2021-10-19,16.52,19.39,13.59,0.04,66.72
2021-10-20,17.49,22.26,14.31,0.0,65.62
2021-10-21,17.27,21.44,14.14,0.0,61.75
2021-10-22,17.02,21.54,13.51,0.0,62.0
2021-10-23,17.23,22.45,13.61,0.0,62.23
2021-10-24,17.28,22.19,13.88,0.0,58.71
2021-10-25,16.69,21.78,12.91,0.01,55.32
2021-10-26,16.87,22.52,12.58,0.0,56.52
2021-10-27,17.9,22.42,14.15,0.0,54.29
2021-10-28,17.62,21.45,14.94,0.02,64.78
2021-10-29,17.73,21.4,14.63,0.04,63.17
2021-10-30,17.29,21.55,14.22,0.01,62.94
2021-10-31,17.28,21.99,13.84,0.0,65.05
2021-11-01,17.34,22.13,14.06,0.0,62.39
2021-11-02,17.73,22.17,14.23,0.0,62.6
2021-11-03,17.03,21.55,13.9,0.0,64.43
2021-11-04,17.06,21.34,13.74,0.0,66.49
2021-11-05,17.14,21.46,13.89,0.0,65.26
2021-11-06,17.05,19.64,14.71,0.0,64.38
2021-11-07,17.64,22.62,14.12,0.0,59.84
2021-11-08,17.35,22.05,13.6,0.0,64.53
2021-11-09,17.17,21.54,13.9,0.0,63.39
2021-11-10,16.89,21.94,13.05,0.0,61.38
2021-11-11,16.36,20.03,13.47,0.0,68.34
2021-11-12,16.72,20.44,13.82,0.0,72.21
2021-11-13,17.33,20.91,15.1,0.0,68.67
2021-11-14,17.6,21.84,14.98,0.0,66.56
2021-11-15,17.28,20.86,14.77,0.0,67.72
2021-11-16,16.88,20.54,14.08,0.0,66.16
2021-11-17,17.11,21.57,13.27,0.01,64.4
2021-11-18,17.13,21.46,14.25,0.02,65.47
2021-11-19,16.68,20.72,13.6,0.04,65.99
2021-11-20,17.35,20.89,14.78,0.15,69.0
2021-11-21,17.78,21.75,15.21,0.05,69.77
2021-11-22,17.69,22.09,14.37,0.01,70.59
2021-11-23,17.67,21.95,14.81,0.01,72.24
2021-11-24,17.19,21.19,14.29,0.07,73.39
2021-11-25,17.51,21.5,14.1,0.2,73.17
2021-11-26,17.3,20.54,14.74,0.04,77.79
2021-11-27,18.07,21.54,15.93,0.02,71.36
2021-11-28,17.98,21.84,15.3,0.08,71.96
2021-11-29,17.86,21.5,15.21,0.05,73.87
2021-11-30,18.1,22.06,15.59,0.06,70.62
2021-12-01,17.55,20.67,15.44,0.03,74.08
2021-12-02,17.53,20.71,14.55,4.12,73.42
2021-12-03,18.22,22.03,15.78,0.1,71.05
2021-12-04,18.03,22.16,15.38,0.0,73.81
2021-12-05,18.16,21.72,15.28,0.01,74.65
2021-12-06,18.46,21.79,15.35,0.0,72.42
2021-12-07,18.64,21.75,16.35,0.01,73.86
2021-12-08,18.81,22.81,16.46,0.01,71.01
2021-12-09,17.96,20.15,16.08,0.02,75.37
2021-12-10,17.33,20.78,15.3,0.0,76.66
2021-12-11,17.42,21.37,14.76,0.0,78.51
2021-12-12,17.46,21.87,14.16,0.02,74.03
2021-12-13,17.58,21.75,14.54,0.01,72.33
2021-12-14,17.56,23.0,14.42,0.01,69.79
2021-12-15,17.79,22.31,14.03,0.01,68.61
2021-12-16,18.26,23.0,14.65,0.03,68.47
2021-12-17,18.14,22.69,14.41,0.0,68.45
2021-12-18,18.43,23.15,15.28,0.0,67.16
2021-12-19,18.56,22.89,14.86,0.0,65.14
2021-12-20,18.21,22.88,15.06,0.0,68.19
2021-12-21,18.03,22.62,14.69,0.0,66.77
2021-12-22,17.84,22.68,14.63,0.01,66.21
2021-12-23,17.5,22.1,14.02,0.0,60.63
2021-12-24,17.39,21.14,15.02,0.0,64.03
2021-12-25,18.17,22.76,14.38,0.01,66.47
2021-12-26,19.06,23.83,15.45,0.01,61.09
2021-12-27,19.02,23.71,15.57,0.02,65.06
2021-12-28,18.77,23.2,15.23,0.04,71.06
2021-12-29,18.17,21.71,15.74,0.6,78.42
2021-12-30,18.68,22.51,15.27,0.18,76.67
2021-12-31,19.21,23.42,16.26,0.07,73.27
2022-01-01,19.4,25.29,14.97,0.0,69.07
2022-01-02,19.54,24.81,15.61,0.02,70.23
2022-01-03,19.38,23.94,16.62,0.01,74.4
2022-01-04,18.89,22.83,15.88,0.03,76.08
2022-01-05,18.8,22.62,15.94,0.04,74.67
2022-01-06,18.99,22.82,15.93,0.03,76.0
2022-01-07,19.37,23.69,16.5,0.01,75.65
2022-01-08,18.75,22.18,15.98,0.01,76.59
2022-01-09,18.67,23.85,15.47,0.01,76.82
2022-01-10,18.97,23.61,15.62,0.0,74.47
2022-01-11,19.3,23.41,15.79,0.03,73.26
2022-01-12,18.72,22.48,16.46,0.08,79.8
2022-01-13,18.81,23.14,15.96,0.04,77.19
2022-01-14,18.42,22.78,15.19,0.35,80.86
2022-01-15,18.79,23.52,15.49,0.31,80.28
2022-01-16,19.22,23.68,15.78,0.03,78.87
2022-01-17,20.05,24.44,16.93,0.02,76.84
2022-01-18,19.72,23.94,17.04,0.08,80.19
2022-01-19,19.23,23.24,16.78,0.08,79.85
2022-01-20,19.62,24.4,16.62,0.05,76.61
2022-01-21,19.56,23.45,16.54,0.07,73.86
2022-01-22,19.37,23.7,15.95,0.06,71.82
2022-01-23,19.23,22.64,16.4,0.11,73.56
2022-01-24,19.2,23.94,16.3,0.12,75.1
2022-01-25,19.27,23.09,16.25,0.08,75.32
2022-01-26,19.07,22.98,15.87,0.09,72.95
2022-01-27,18.86,23.5,15.86,0.05,73.82
2022-01-28,17.29,20.8,15.07,0.24,82.37
2022-01-29,18.13,22.23,15.58,0.01,79.78
2022-01-30,17.42,20.85,15.05,0.02,79.13
2022-01-31,18.26,21.88,15.19,0.08,71.73
2022-02-01,18.05,21.57,16.08,0.14,73.84
2022-02-02,18.43,22.16,15.79,0.27,76.32
2022-02-03,18.65,22.08,15.9,0.33,78.8
2022-02-04,18.77,22.31,16.01,0.03,76.19
2022-02-05,19.72,24.1,16.81,0.03,64.71
2022-02-06,19.13,22.53,16.27,0.03,66.32
2022-02-07,18.15,21.7,16.02,0.06,75.49
2022-02-08,18.53,22.55,15.65,0.06,75.75
2022-02-09,18.13,21.7,15.73,0.04,78.99
2022-02-10,18.43,22.6,15.61,0.15,76.79
2022-02-11,19.0,22.22,16.47,0.05,74.03
2022-02-12,18.61,22.02,16.08,0.05,74.8
2022-02-13,18.88,23.51,15.75,0.02,71.37
2022-02-14,19.0,23.71,16.0,0.02,74.14
2022-02-15,17.97,19.96,16.12,0.12,79.6
2022-02-16,18.74,22.92,15.84,0.42,77.27
2022-02-17,18.4,21.77,16.12,0.51,78.93
2022-02-18,19.1,22.38,16.57,1.15,77.05
2022-02-19,18.82,22.14,16.25,0.87,79.41
2022-02-20,18.9,22.12,16.61,0.05,78.17
2022-02-21,18.38,22.37,15.86,0.24,80.82
2022-02-22,18.66,23.1,16.29,0.38,79.18
2022-02-23,18.89,23.24,15.94,0.1,79.36
2022-02-24,18.73,22.79,15.8,0.12,80.92
2022-02-25,18.15,21.11,16.17,1.17,84.09
2022-02-26,18.5,22.86,15.91,0.81,79.38
2022-02-27,19.32,24.18,15.71,0.15,76.94
2022-02-28,19.38,24.06,16.51,0.2,78.91
2022-03-01,18.73,22.5,16.28,0.36,79.36
2022-03-02,19.4,24.33,16.08,0.5,74.86
2022-03-03,19.44,23.91,16.07,1.08,75.88
2022-03-04,19.23,22.35,16.78,0.36,78.54
2022-03-05,19.03,22.68,16.52,0.24,78.02
2022-03-06,18.44,21.56,16.5,0.41,81.86
2022-03-07,19.14,23.29,16.31,0.3,76.71
2022-03-08,19.27,22.99,16.68,0.89,72.55
2022-03-09,18.62,22.03,16.11,1.97,79.7
2022-03-10,19.2,23.66,16.25,0.79,79.1
2022-03-11,19.28,22.5,16.94,1.32,76.85
2022-03-12,19.29,22.67,16.78,0.13,73.67
2022-03-13,19.36,22.89,16.88,0.05,74.63
2022-03-14,19.05,22.32,16.58,0.02,77.79
2022-03-15,19.93,24.3,16.97,0.01,70.08
2022-03-16,19.96,24.82,16.78,0.0,66.08
2022-03-17,19.61,24.39,16.11,0.0,65.43
2022-03-18,19.9,24.35,16.6,0.06,67.92
2022-03-19,19.63,23.84,16.32,0.14,71.41
2022-03-20,19.01,22.82,16.45,0.02,74.84
2022-03-21,19.23,23.8,16.13,0.28,70.86
2022-03-22,18.93,23.71,15.62,0.38,71.45
2022-03-23,18.81,22.96,16.09,0.01,71.92
2022-03-24,18.7,22.69,15.48,0.02,71.29
2022-03-25,19.01,22.89,16.32,0.02,71.52
2022-03-26,19.07,22.84,16.09,0.02,69.78
2022-03-27,19.37,23.43,16.06,0.49,70.88
2022-03-28,19.14,22.94,16.59,0.66,74.09
2022-03-29,19.1,23.41,16.0,0.22,73.85
2022-03-30,18.97,22.75,16.78,0.06,74.59
2022-03-31,18.97,22.63,16.41,0.03,69.36
2022-04-01,18.33,22.39,15.7,0.22,71.96
2022-04-02,19.3,23.31,16.16,0.09,69.58
2022-04-03,19.23,22.43,17.23,0.02,68.18
2022-04-04,19.39,23.38,16.53,4.18,68.04
2022-04-05,19.41,23.7,16.13,0.23,71.17
2022-04-06,19.57,24.31,16.53,0.0,70.01
2022-04-07,18.9,22.8,16.24,0.0,73.16
2022-04-08,19.11,23.11,16.34,0.0,71.59
2022-04-09,18.61,22.01,16.41,0.0,75.59
2022-04-10,18.95,22.97,16.2,0.0,71.03
2022-04-11,18.55,22.94,15.69,0.0,64.27
2022-04-12,18.08,22.68,14.9,0.0,66.0
2022-04-13,17.97,23.03,14.61,0.01,68.45
2022-04-14,18.13,23.43,14.8,0.0,68.09
2022-04-15,17.97,22.09,14.63,0.01,69.28
2022-04-16,18.53,22.95,14.69,0.01,66.32
2022-04-17,18.26,22.81,15.33,0.01,67.61
2022-04-18,18.13,22.56,14.24,0.01,66.64
2022-04-19,18.1,21.7,15.29,0.03,66.73
2022-04-20,17.12,21.27,13.76,0.05,73.06
2022-04-21,17.03,20.99,14.43,0.0,76.63
2022-04-22,17.49,21.94,14.95,0.0,74.4
2022-04-23,17.48,22.1,14.53,0.0,75.54
2022-04-24,17.81,22.31,14.75,0.0,73.85
2022-04-25,18.71,23.67,14.97,0.0,65.99
2022-04-26,18.57,23.1,15.31,0.0,66.22
2022-04-27,17.82,21.32,15.78,0.0,70.09
2022-04-28,18.13,23.78,14.61,0.0,66.55
2022-04-29,18.3,23.48,14.6,0.0,64.0
2022-04-30,18.9,23.39,15.59,0.0,63.43
2022-05-01,18.24,22.55,15.63,0.01,68.84
2022-05-02,18.86,23.6,15.24,0.0,64.55
2022-05-03,18.67,22.12,16.42,0.01,64.79
2022-05-04,18.18,22.25,15.24,0.02,68.14
2022-05-05,17.65,21.79,14.78,0.02,70.7
2022-05-06,17.82,23.45,13.68,0.0,66.41
2022-05-07,17.73,23.06,14.13,0.01,69.48
2022-05-08,17.83,22.28,14.57,0.0,67.13
2022-05-09,18.22,23.61,14.15,0.0,59.83
2022-05-10,17.68,22.02,14.57,0.0,53.84
2022-05-11,17.74,22.88,13.88,0.0,50.73
2022-05-12,17.5,21.72,13.78,0.0,58.4
2022-05-13,17.82,23.17,13.97,0.0,55.4
2022-05-14,18.1,22.83,14.48,0.0,50.43
2022-05-15,17.8,22.14,13.7,0.01,56.03
2022-05-16,18.36,22.81,14.7,0.02,56.12
2022-05-17,17.82,22.52,15.07,0.04,61.26
2022-05-18,17.21,21.7,14.7,0.04,68.81
2022-05-19,17.65,21.9,14.0,0.01,60.27
2022-05-20,18.12,22.5,15.04,0.03,58.54
2022-05-21,17.5,22.27,14.37,0.05,61.41
2022-05-22,17.26,22.33,13.83,0.04,63.34
2022-05-23,16.71,21.87,12.54,0.03,59.6
2022-05-24,16.95,21.75,13.37,0.02,52.23
2022-05-25,16.67,21.97,13.27,0.04,54.39
2022-05-26,17.1,21.75,13.3,0.06,59.86
2022-05-27,17.16,22.07,13.63,0.07,61.39
2022-05-28,16.65,20.91,13.9,1.64,64.77
2022-05-29,16.65,21.59,13.19,2.06,66.83
2022-05-30,16.78,21.37,13.62,0.11,65.74
2022-05-31,15.94,20.48,13.12,0.0,68.94
2022-06-01,16.24,20.73,12.9,0.0,63.22
2022-06-02,16.22,20.32,12.93,0.0,63.36
2022-06-03,17.05,21.69,13.74,0.0,62.25
2022-06-04,16.73,20.48,14.28,0.01,63.98
2022-06-05,16.92,20.98,13.63,0.0,65.4
2022-06-06,17.4,22.08,14.34,0.01,64.16
2022-06-07,16.15,20.27,13.12,0.01,69.76
2022-06-08,15.81,20.28,13.32,0.0,68.53
2022-06-09,15.69,21.02,11.75,0.0,63.89
2022-06-10,15.85,21.54,11.62,0.0,60.95
2022-06-11,16.37,21.67,12.65,0.0,60.83
2022-06-12,16.47,21.81,12.63,0.0,53.6
2022-06-13,15.95,20.73,12.63,0.06,57.33
2022-06-14,15.18,20.35,11.58,0.0,61.24
2022-06-15,15.1,20.22,11.5,0.0,67.24
2022-06-16,15.26,20.75,11.11,0.0,65.32
2022-06-17,15.26,20.66,11.68,0.0,61.11
2022-06-18,15.2,20.28,11.66,0.0,68.47
2022-06-19,15.96,21.34,11.96,0.0,63.77
2022-06-20,16.77,21.57,13.69,0.0,60.55
2022-06-21,16.44,21.29,13.32,0.0,60.08
2022-06-22,15.87,20.49,12.61,0.0,62.53
2022-06-23,16.35,21.63,12.08,0.0,63.73
2022-06-24,16.44,20.49,13.57,0.0,67.11
2022-06-25,16.33,20.44,13.57,0.04,68.48
2022-06-26,15.96,19.92,13.35,0.01,64.67
2022-06-27,15.67,21.04,11.47,0.0,63.06
2022-06-28,16.37,20.97,13.12,0.02,66.57
2022-06-29,16.49,22.46,12.35,0.01,66.53
2022-06-30,16.15,21.39,12.39,0.0,63.32
2022-07-01,15.89,21.59,11.61,0.0,59.46
2022-07-02,16.84,23.17,11.96,0.0,55.41
2022-07-03,17.11,22.73,13.31,0.0,59.5
2022-07-04,16.7,22.11,13.35,0.0,62.18
2022-07-05,16.75,22.57,12.57,0.0,63.78
2022-07-06,16.62,22.89,12.31,0.0,62.72
2022-07-07,16.56,21.99,13.01,0.0,63.0
2022-07-08,16.81,22.25,12.65,0.0,62.0
2022-07-09,16.63,20.94,13.07,0.0,65.21
2022-07-10,16.44,20.83,13.59,0.01,66.54
2022-07-11,16.15,20.59,12.88,0.01,65.6
2022-07-12,16.21,21.03,12.83,0.03,63.64
2022-07-13,16.21,21.18,12.55,0.02,60.31
2022-07-14,16.17,21.11,12.13,0.0,55.07
2022-07-15,15.44,19.93,12.29,0.0,62.92
2022-07-16,15.69,20.82,11.88,0.0,59.08
2022-07-17,16.6,21.5,12.41,0.0,57.09
2022-07-18,17.03,21.46,13.79,0.01,62.15
2022-07-19,17.4,23.68,13.41,0.0,58.64
2022-07-20,16.05,21.21,12.23,0.0,62.83
2022-07-21,16.07,21.68,11.91,0.0,60.89
2022-07-22,16.03,20.81,12.04,0.0,60.52
2022-07-23,16.09,20.84,12.32,0.0,65.23
2022-07-24,16.42,21.07,12.75,0.0,61.97
2022-07-25,16.79,21.14,13.74,0.01,57.73
2022-07-26,16.42,20.25,14.19,0.03,66.39
2022-07-27,16.39,21.07,13.21,0.03,66.63
2022-07-28,16.31,21.86,12.19,0.06,65.35
2022-07-29,16.26,22.43,11.53,0.08,62.13
2022-07-30,16.18,21.52,12.01,0.02,65.26
2022-07-31,16.16,20.94,12.24,0.01,63.15
2022-08-01,16.45,21.07,12.8,0.02,63.44
2022-08-02,16.58,21.84,13.12,0.02,59.01
2022-08-03,16.16,21.57,12.61,0.0,56.79
2022-08-04,16.51,21.41,13.14,0.0,61.42
2022-08-05,16.56,21.4,13.4,0.0,59.72
2022-08-06,16.67,20.93,13.31,0.0,59.02
2022-08-07,16.74,21.51,13.69,0.0,62.23
2022-08-08,17.39,21.95,13.89,0.0,51.87
2022-08-09,17.31,22.03,13.27,0.03,53.47
2022-08-10,17.4,21.36,14.12,0.03,59.88
2022-08-11,16.98,22.15,13.68,0.04,61.61
2022-08-12,16.51,21.54,12.54,0.02,62.03
2022-08-13,16.15,20.95,12.45,0.02,62.64
2022-08-14,15.93,20.92,12.06,0.0,63.15
2022-08-15,16.45,21.33,13.01,0.0,62.84
2022-08-16,16.32,21.01,13.08,0.0,62.97
2022-08-17,16.65,21.96,12.87,0.0,53.9
2022-08-18,15.53,20.1,11.2,0.0,55.53
2022-08-19,16.36,20.84,12.42,0.01,64.92
2022-08-20,16.54,21.92,12.57,0.12,62.71
2022-08-21,16.18,21.67,11.88,0.1,60.54
2022-08-22,16.01,20.93,11.99,0.01,59.23
2022-08-23,16.17,21.29,11.85,0.0,59.04
2022-08-24,16.11,21.35,11.89,0.0,61.99
2022-08-25,16.19,21.98,11.82,0.0,59.78
2022-08-26,16.14,21.1,11.91,0.0,57.77
2022-08-27,16.18,21.38,11.79,0.0,60.16
2022-08-28,16.51,20.86,12.28,0.0,61.82
2022-08-29,16.85,22.34,12.64,0.0,60.8
2022-08-30,16.4,20.91,13.01,0.0,65.18
2022-08-31,16.31,21.21,12.35,0.0,63.66
2022-09-01,16.65,21.5,12.59,0.0,61.45
2022-09-02,17.59,22.44,13.93,0.0,57.16
2022-09-03,17.67,22.11,13.94,0.0,57.05
2022-09-04,18.18,23.23,14.66,0.0,52.87
2022-09-05,18.18,23.43,13.69,0.0,51.33
2022-09-06,17.99,22.59,14.09,0.0,51.31
2022-09-07,16.86,22.12,13.19,0.69,56.82
2022-09-08,16.18,21.42,12.6,0.64,61.73
2022-09-09,16.61,21.03,12.52,0.14,62.01
2022-09-10,17.17,21.89,13.36,0.0,60.7
2022-09-11,16.72,21.54,13.24,0.0,63.22
2022-09-12,16.16,20.99,12.96,0.01,64.03
2022-09-13,16.3,21.0,12.82,0.0,60.23
2022-09-14,16.6,21.53,12.66,0.0,54.88
2022-09-15,16.84,21.53,12.55,0.01,54.24
2022-09-16,17.0,21.14,13.52,0.01,54.99
2022-09-17,17.16,23.27,12.86,0.01,52.88
2022-09-18,16.94,21.33,13.02,0.0,51.38
2022-09-19,16.55,20.84,13.29,0.0,58.42
2022-09-20,16.35,20.71,13.05,0.0,63.62
2022-09-21,16.48,21.11,12.39,0.0,62.65
2022-09-22,16.78,21.14,14.05,0.0,60.62
2022-09-23,16.47,20.99,12.61,0.0,61.28
2022-09-24,16.88,21.72,12.93,0.0,54.69
2022-09-25,16.65,21.63,12.52,0.0,51.9
2022-09-26,17.02,22.36,13.25,0.0,52.15
2022-09-27,16.97,22.58,12.91,0.0,52.21
2022-09-28,16.32,21.33,11.74,0.0,54.36
2022-09-29,15.79,20.78,11.53,0.0,54.34
2022-09-30,15.19,18.88,12.44,0.0,58.8
2022-10-01,17.49,22.28,13.39,0.0,56.4
2022-10-02,18.24,22.81,14.81,0.0,54.63
2022-10-03,17.5,22.31,14.42,0.0,59.86
2022-10-04,16.73,21.01,14.1,0.0,60.85
2022-10-05,16.38,21.31,12.33,0.0,53.63
2022-10-06,16.54,21.5,11.84,0.0,49.98
2022-10-07,16.3,21.77,12.02,0.0,58.46
2022-10-08,16.99,21.61,13.15,0.0,61.02
2022-10-09,17.43,22.15,13.33,0.0,58.78
2022-10-10,17.33,22.07,14.28,0.0,58.31
2022-10-11,17.09,22.13,13.4,0.0,55.85
2022-10-12,16.44,21.36,12.13,0.0,50.01
2022-10-13,15.6,20.91,11.15,0.0,53.62
2022-10-14,16.12,21.7,11.68,0.0,57.51
2022-10-15,16.65,21.93,12.47,0.0,56.38
2022-10-16,17.33,22.29,14.17,0.0,57.96
2022-10-17,16.93,21.47,13.59,0.0,59.37
2022-10-18,16.86,21.88,13.09,0.0,58.07
2022-10-19,16.7,21.53,13.3,0.0,60.48
2022-10-20,16.57,21.62,13.1,0.0,53.04
2022-10-21,16.17,21.35,12.42,0.0,52.78
2022-10-22,16.57,21.61,12.72,0.0,49.32
2022-10-23,17.0,21.61,13.24,0.0,55.12
2022-10-24,17.08,21.07,13.81,0.0,62.39
2022-10-25,17.13,22.22,13.37,0.0,59.66
2022-10-26,16.89,22.04,13.26,0.0,58.93
2022-10-27,16.68,21.88,12.84,0.0,55.47
2022-10-28,16.86,21.71,13.29,0.0,57.04
2022-10-29,16.29,21.47,12.24,0.0,56.56
2022-10-30,16.19,21.39,12.59,0.0,56.4
2022-10-31,16.57,21.11,11.73,0.0,56.94
2022-11-01,17.01,21.13,12.6,0.0,61.14
2022-11-02,18.14,23.4,14.07,0.0,61.45
2022-11-03,17.42,21.55,14.8,0.0,60.52
2022-11-04,17.08,21.9,13.22,0.0,59.82
2022-11-05,16.89,21.54,13.37,0.0,60.01
2022-11-06,17.22,21.92,13.27,0.0,59.9
2022-11-07,17.71,21.92,13.84,0.0,60.34
2022-11-08,17.6,22.22,14.08,0.0,59.15
2022-11-09,17.09,21.99,13.55,0.0,58.12
2022-11-10,16.38,20.95,12.74,0.0,60.29
2022-11-11,17.17,21.84,13.45,0.0,57.72
2022-11-12,17.45,22.46,13.18,0.0,55.46
2022-11-13,16.49,21.26,12.31,0.0,62.19
2022-11-14,17.48,22.25,14.09,0.0,67.58
2022-11-15,17.35,22.83,12.91,0.0,68.56
2022-11-16,17.66,21.0,14.81,0.01,69.01
2022-11-17,18.27,23.1,14.3,0.02,62.92
2022-11-18,18.62,24.35,14.28,0.0,60.74
2022-11-19,18.47,24.03,14.29,0.0,61.49
2022-11-20,18.17,21.9,15.26,0.0,64.64
2022-11-21,18.05,22.01,15.19,0.0,63.36
2022-11-22,17.58,22.12,14.45,0.0,65.55
2022-11-23,17.6,22.95,14.09,0.0,67.99
2022-11-24,18.06,22.44,14.81,0.0,69.29
2022-11-25,18.97,23.4,15.42,0.0,68.49
2022-11-26,19.08,24.93,14.91,0.0,66.16
2022-11-27,18.72,23.61,14.64,0.01,68.95
2022-11-28,18.0,22.4,14.4,0.0,71.51
2022-11-29,17.57,22.08,14.45,0.0,73.57
2022-11-30,17.31,21.71,14.14,0.0,73.07
2022-12-01,17.41,21.83,13.97,0.0,69.2
2022-12-02,17.88,22.5,13.52,0.0,62.64
2022-12-03,18.09,23.02,14.06,0.0,57.98
2022-12-04,17.18,21.97,13.23,0.0,63.21
2022-12-05,17.26,21.3,14.43,0.0,69.33
2022-12-06,17.35,20.81,14.4,0.0,72.5
2022-12-07,16.79,19.97,14.4,0.0,75.34
2022-12-08,17.05,21.52,13.99,0.0,73.79
2022-12-09,17.55,21.95,13.63,0.01,73.67
2022-12-10,18.04,22.17,15.16,0.0,72.08
2022-12-11,17.95,22.65,14.01,0.0,70.63
2022-12-12,18.27,22.4,15.86,0.04,75.5
2022-12-13,19.1,23.1,16.15,0.01,70.22
2022-12-14,19.35,23.52,15.42,0.0,70.98
2022-12-15,19.09,22.99,16.58,0.01,78.3
2022-12-16,17.96,21.2,15.93,1.89,84.32
2022-12-17,18.57,22.08,15.8,0.8,79.32
2022-12-18,19.48,23.42,16.53,0.31,72.7
2022-12-19,19.17,22.85,16.68,0.08,75.72
2022-12-20,18.88,23.08,16.37,0.18,79.97
2022-12-21,18.93,22.82,16.14,0.36,78.65
2022-12-22,18.88,22.9,15.78,0.08,78.64
2022-12-23,19.17,22.44,16.53,0.02,77.15
2022-12-24,18.99,22.72,16.46,0.02,73.94
2022-12-25,18.94,23.55,15.24,0.05,72.25
2022-12-26,18.31,21.82,15.81,0.03,74.87
2022-12-27,18.67,22.29,16.0,0.01,75.26
2022-12-28,18.9,22.72,16.32,0.05,76.17
2022-12-29,18.44,21.89,16.27,0.15,79.0
2022-12-30,18.47,22.15,16.2,0.07,79.45
2022-12-31,18.31,22.62,15.34,0.21,78.9
2023-01-01,17.35,19.98,15.33,0.07,80.35
2023-01-02,18.93,22.85,16.02,0.02,73.26
2023-01-03,18.36,21.95,15.74,0.06,78.81
2023-01-04,17.85,21.69,15.46,0.04,77.51
2023-01-05,17.79,21.0,15.58,0.25,76.94
2023-01-06,17.67,21.6,14.77,0.07,77.24
2023-01-07,18.6,22.09,15.59,0.04,76.74
2023-01-08,19.03,23.12,15.61,0.11,75.32
2023-01-09,18.52,21.41,16.33,0.1,74.67
2023-01-10,17.68,20.9,15.09,0.0,79.27
2023-01-11,17.38,20.82,15.0,0.0,82.36
2023-01-12,18.7,24.01,15.3,0.0,74.21
2023-01-13,18.84,23.24,15.45,0.0,74.36
2023-01-14,18.85,23.17,15.27,0.0,71.49
2023-01-15,18.65,22.53,15.57,0.02,74.83
2023-01-16,18.44,22.1,15.9,0.16,79.31
2023-01-17,19.12,22.61,16.23,0.1,73.79
2023-01-18,18.47,21.29,16.22,0.37,76.92
2023-01-19,19.0,22.94,16.25,0.2,75.62
2023-01-20,18.67,23.31,15.69,0.29,79.06
2023-01-21,19.09,23.73,15.73,0.03,79.13
2023-01-22,18.74,22.66,16.1,0.09,81.48
2023-01-23,20.03,24.74,16.16,0.02,74.71
2023-01-24,19.94,24.12,16.95,0.06,77.52
2023-01-25,19.46,22.78,17.16,0.07,80.68
2023-01-26,19.49,22.57,17.32,0.09,76.53
2023-01-27,19.84,23.97,17.43,0.11,74.87
2023-01-28,19.61,23.67,16.83,0.46,79.93
2023-01-29,20.21,23.98,17.56,0.19,75.28
2023-01-30,20.5,24.15,17.83,0.03,72.22
2023-01-31,20.18,23.76,17.5,0.06,73.19
2023-02-01,19.78,23.52,17.37,0.52,75.95
2023-02-02,19.53,23.35,16.77,0.31,77.7
2023-02-03,18.92,22.11,16.91,0.39,83.26
2023-02-04,19.57,22.84,16.75,0.55,78.18
2023-02-05,20.12,24.76,17.64,0.05,75.36
2023-02-06,20.41,24.09,17.48,0.03,71.53
2023-02-07,21.17,25.36,17.93,0.01,66.37
2023-02-08,21.03,25.6,17.72,0.07,66.26
2023-02-09,20.6,24.42,17.61,0.06,74.36
2023-02-10,20.64,24.16,17.77,0.04,76.59
2023-02-11,20.42,24.93,17.66,0.29,81.49
2023-02-12,19.63,22.44,17.65,0.49,85.62
2023-02-13,19.83,24.06,17.56,0.63,85.08
2023-02-14,20.36,24.05,18.04,0.31,78.73
2023-02-15,20.01,23.63,17.51,0.42,81.43
2023-02-16,20.26,23.71,17.84,0.1,80.31
2023-02-17,20.7,24.36,18.0,0.41,75.15
2023-02-18,20.62,24.09,18.3,0.58,74.32
2023-02-19,20.42,23.96,18.11,0.58,72.74
2023-02-20,20.46,24.56,17.78,0.19,78.47
2023-02-21,20.31,23.84,18.13,0.43,81.2
2023-02-22,20.32,24.65,17.53,0.61,79.82
2023-02-23,19.97,24.69,16.91,0.48,79.35
2023-02-24,20.18,25.29,17.08,0.05,77.39
2023-02-25,19.41,21.96,17.36,0.13,80.91
2023-02-26,20.42,25.04,17.8,0.04,76.51
2023-02-27,20.79,26.51,17.07,0.03,72.47
2023-02-28,20.93,26.02,17.37,0.04,70.12
2023-03-01,21.11,26.2,17.07,0.06,72.54
2023-03-02,20.59,25.28,17.7,0.27,76.55
2023-03-03,20.97,26.01,17.51,1.58,74.04
2023-03-04,21.57,26.47,17.84,0.26,69.0
2023-03-05,21.45,26.14,18.21,0.31,70.63
2023-03-06,20.58,24.36,17.86,1.49,74.25
2023-03-07,20.33,24.95,17.17,0.24,75.57
2023-03-08,20.32,24.78,17.33,0.76,77.56
2023-03-09,19.93,23.32,17.98,0.29,79.16
2023-03-10,18.95,21.07,17.48,1.0,84.48
2023-03-11,19.53,23.18,16.69,0.57,75.58
2023-03-12,19.63,23.46,17.04,0.56,77.86
2023-03-13,19.89,23.19,17.49,1.41,80.47
2023-03-14,19.45,21.88,17.7,0.79,84.63
2023-03-15,19.8,22.97,17.73,0.36,82.95
2023-03-16,19.82,23.24,17.53,0.24,83.57
2023-03-17,19.91,23.83,17.09,1.21,78.54
2023-03-18,19.44,22.74,17.53,1.74,84.54
2023-03-19,19.8,23.51,17.29,0.28,79.17
2023-03-20,20.43,24.68,17.72,0.08,75.67
2023-03-21,20.17,24.18,17.15,0.03,76.8
2023-03-22,20.82,25.22,17.82,0.01,74.71
2023-03-23,20.49,24.85,17.39,0.04,73.38
2023-03-24,19.81,23.39,17.47,0.16,75.4
2023-03-25,19.51,23.27,17.1,0.31,78.38
2023-03-26,20.5,25.44,16.8,0.07,78.15
2023-03-27,20.71,25.6,17.83,0.19,79.17
2023-03-28,20.65,25.49,17.46,0.16,78.44
2023-03-29,20.67,24.62,18.17,0.13,79.58
2023-03-30,20.54,24.6,17.72,0.24,77.05
2023-03-31,20.79,25.18,17.76,0.53,81.82
2023-04-01,21.29,26.06,18.06,0.19,78.9
2023-04-02,21.15,25.87,18.06,0.25,80.54
2023-04-03,21.26,26.19,18.29,0.07,78.25
2023-04-04,21.54,26.06,18.8,0.06,80.08
2023-04-05,21.25,25.14,18.54,0.0,78.3
2023-04-06,21.12,26.14,18.14,0.0,74.52
2023-04-07,20.71,25.32,17.48,0.0,77.55
2023-04-08,20.58,24.38,17.57,0.0,79.45
2023-04-09,21.24,25.59,17.88,0.0,76.22
2023-04-10,21.47,26.13,18.2,0.0,74.16
2023-04-11,21.18,25.8,17.96,0.0,76.47
2023-04-12,21.02,25.82,18.2,0.0,76.89
2023-04-13,20.81,25.61,17.9,0.0,76.18
2023-04-14,21.08,25.37,18.01,0.0,74.35
2023-04-15,20.69,25.67,18.08,0.02,77.7
2023-04-16,20.35,24.45,18.03,0.04,78.09
2023-04-17,19.46,22.88,17.49,0.05,82.4
2023-04-18,19.8,24.13,17.09,0.02,78.33
2023-04-19,19.95,24.74,16.65,0.02,76.64
2023-04-20,20.17,24.57,16.91,0.03,76.17
2023-04-21,19.64,23.14,17.39,0.03,77.56
2023-04-22,20.13,24.22,17.2,0.01,77.31
2023-04-23,20.06,24.36,17.43,0.01,78.87
2023-04-24,20.24,24.11,17.48,0.0,77.22
2023-04-25,19.34,22.47,17.16,0.0,81.28
2023-04-26,20.11,25.12,16.47,0.0,76.67
2023-04-27,20.54,25.97,16.61,0.0,74.56
2023-04-28,20.05,23.45,17.71,0.0,78.39
2023-04-29,20.73,25.54,17.85,0.0,75.21
2023-04-30,20.27,24.56,17.48,0.0,76.32
2023-05-01,20.18,24.88,17.06,0.0,75.4
2023-05-02,20.12,24.55,16.6,0.0,71.93
2023-05-03,20.14,24.22,17.34,0.0,72.33
2023-05-04,20.47,25.11,17.23,0.0,67.49
2023-05-05,20.36,25.44,17.41,0.01,66.19
2023-05-06,20.04,24.07,16.74,0.01,68.0
2023-05-07,20.37,24.92,17.67,0.03,63.82
2023-05-08,20.6,25.0,17.29,0.03,66.19
2023-05-09,20.84,25.13,17.91,0.01,63.78
2023-05-10,20.62,25.67,17.41,0.1,58.79
2023-05-11,19.74,24.95,16.14,0.03,60.96
2023-05-12,19.95,25.14,15.89,0.0,57.07
2023-05-13,20.06,24.21,16.62,0.0,65.51
2023-05-14,20.26,24.9,16.81,0.0,68.42
2023-05-15,20.01,24.61,17.11,0.0,69.04
2023-05-16,19.7,25.22,15.8,0.0,67.18
2023-05-17,19.29,24.58,15.48,0.0,71.78
2023-05-18,19.46,24.24,16.07,0.0,72.84
2023-05-19,19.49,24.34,16.06,0.0,71.7
2023-05-20,19.49,24.66,16.33,0.0,65.42
2023-05-21,19.5,24.26,16.03,0.0,65.89
2023-05-22,19.41,23.91,15.73,0.0,69.35
2023-05-23,19.36,23.63,15.8,0.0,69.79
2023-05-24,19.25,23.95,15.59,0.0,69.85
2023-05-25,19.11,23.22,15.61,0.0,70.48
2023-05-26,19.62,23.51,16.5,0.0,68.23
2023-05-27,19.57,24.04,16.77,0.0,68.37
2023-05-28,19.04,23.51,16.53,0.0,71.8
2023-05-29,19.35,25.04,16.36,0.01,67.63
2023-05-30,18.68,23.47,15.46,0.01,70.24
2023-05-31,19.26,24.93,15.53,0.0,68.86
2023-06-01,19.14,25.47,14.24,0.0,58.76
2023-06-02,19.0,24.92,14.49,0.0,57.78
2023-06-03,18.78,24.02,14.63,0.0,67.67
2023-06-04,19.0,24.5,15.26,0.0,66.5
2023-06-05,19.61,25.76,14.95,0.0,66.86
2023-06-06,19.04,24.01,15.24,0.0,69.02
2023-06-07,18.64,23.43,14.86,0.02,71.25
2023-06-08,18.61,23.39,15.62,0.01,71.71
2023-06-09,18.65,23.6,15.22,0.01,69.84
2023-06-10,18.53,23.53,14.87,0.0,68.38
2023-06-11,18.08,23.15,14.33,0.0,68.2
2023-06-12,18.37,23.88,14.31,0.01,68.77
2023-06-13,18.49,23.49,14.66,0.0,62.49
2023-06-14,18.6,23.18,14.81,0.0,64.32
2023-06-15,19.52,24.81,15.03,0.0,60.39
2023-06-16,19.63,24.28,16.36,0.01,60.73
2023-06-17,19.23,23.83,15.44,0.0,65.42
2023-06-18,18.94,24.32,14.39,0.01,66.43
2023-06-19,19.45,25.21,15.66,0.0,61.76
2023-06-20,19.02,24.29,15.16,0.0,65.41
2023-06-21,18.51,24.14,14.52,0.0,67.39
2023-06-22,18.56,23.92,14.49,0.0,65.31
2023-06-23,18.65,23.7,14.91,0.0,65.59
2023-06-24,18.48,23.35,15.16,0.01,69.21
2023-06-25,18.26,23.07,14.62,0.02,71.92
2023-06-26,18.72,25.03,14.13,0.0,63.59
2023-06-27,18.26,23.79,14.49,0.03,70.09
2023-06-28,18.52,23.9,14.58,0.03,68.16
2023-06-29,19.11,25.07,14.96,0.01,64.2
2023-06-30,18.68,23.54,15.27,0.0,66.45
2023-07-01,18.52,23.44,15.04,0.0,63.4
2023-07-02,18.0,23.64,14.39,0.0,65.49
2023-07-03,17.73,23.09,13.43,0.0,71.14
2023-07-04,18.08,23.22,13.95,0.0,72.63
2023-07-05,18.3,23.51,14.37,0.0,70.94
2023-07-06,18.25,23.21,13.62,0.0,68.41
2023-07-07,17.61,23.1,13.37,0.0,70.18
2023-07-08,17.9,23.43,13.8,0.0,70.36
2023-07-09,18.51,24.15,14.72,0.0,69.13
2023-07-10,18.53,23.33,15.2,0.0,71.31
2023-07-11,18.53,23.69,15.35,0.0,69.84
2023-07-12,18.3,23.11,14.72,0.0,69.84
2023-07-13,18.87,23.91,15.4,0.0,69.46
2023-07-14,18.59,23.1,15.19,0.0,69.37
2023-07-15,18.49,23.05,14.98,0.0,68.63
2023-07-16,18.71,23.41,15.11,0.0,66.28
2023-07-17,18.96,24.31,15.46,0.0,66.28
2023-07-18,19.3,23.8,15.83,0.0,68.36
2023-07-19,19.76,25.2,15.95,0.0,64.21
2023-07-20,19.74,24.65,15.74,0.0,64.97
2023-07-21,19.92,24.91,16.29,0.0,63.06
2023-07-22,19.84,24.74,16.43,0.0,63.19
2023-07-23,19.15,24.7,15.15,0.0,65.76
2023-07-24,18.83,25.07,14.34,0.0,62.9
2023-07-25,18.26,23.16,14.43,0.0,66.98
2023-07-26,18.12,23.42,14.22,0.0,65.82
2023-07-27,18.2,23.14,14.47,0.0,68.32
2023-07-28,18.67,23.73,14.95,0.0,64.81
2023-07-29,19.18,24.08,15.64,0.01,62.86
2023-07-30,19.4,24.33,15.4,0.0,61.64
2023-07-31,19.54,24.52,15.67,0.0,64.41
2023-08-01,19.53,25.48,15.34,0.0,61.32
2023-08-02,19.05,23.95,14.94,0.0,63.0
2023-08-03,19.04,23.75,15.39,0.0,63.62
2023-08-04,19.03,23.62,15.75,0.0,62.14
2023-08-05,18.47,23.21,14.69,0.0,67.11
2023-08-06,19.2,24.82,15.03,0.0,61.58
2023-08-07,19.08,24.06,15.29,0.0,64.12
2023-08-08,19.3,24.36,15.71,0.0,64.84
2023-08-09,19.18,24.18,15.65,0.0,66.85
2023-08-10,18.97,23.96,15.44,0.0,63.95
2023-08-11,18.8,24.01,14.78,0.0,63.35
2023-08-12,18.63,23.54,14.84,0.0,63.73
2023-08-13,19.28,23.65,15.38,0.0,59.79
2023-08-14,18.95,23.93,16.02,0.0,61.09
2023-08-15,18.52,23.21,14.79,0.0,63.7
2023-08-16,18.28,23.94,14.34,0.0,60.6
2023-08-17,17.92,23.38,13.86,0.0,66.97
2023-08-18,18.19,23.35,14.88,0.01,69.59
2023-08-19,18.6,23.73,14.92,0.03,69.23
2023-08-20,18.7,22.99,15.27,0.0,67.97
2023-08-21,19.22,24.34,15.25,0.0,64.72
2023-08-22,18.58,23.17,14.57,0.34,65.48
2023-08-23,18.29,23.24,14.1,2.2,69.16
2023-08-24,18.54,23.34,14.49,0.0,64.49
2023-08-25,18.91,23.74,15.28,0.0,62.61
2023-08-26,18.17,22.46,14.98,0.0,71.17
2023-08-27,18.77,22.97,15.51,0.0,68.65
2023-08-28,19.41,24.16,15.92,0.0,66.09
2023-08-29,19.56,24.13,15.73,0.0,64.94
2023-08-30,19.82,24.79,16.16,0.0,63.06
2023-08-31,19.83,24.67,16.68,0.01,59.67
2023-09-01,18.89,23.48,15.18,0.0,61.79
2023-09-02,18.72,23.09,14.89,0.0,60.55
2023-09-03,18.48,23.16,14.71,0.0,59.3
2023-09-04,18.89,23.37,14.53,0.0,62.87
2023-09-05,19.84,25.23,15.85,0.0,62.0
2023-09-06,19.54,23.44,15.92,0.25,62.71
2023-09-07,18.47,23.47,14.22,0.02,63.8
2023-09-08,18.73,23.57,14.83,0.0,61.91
2023-09-09,18.48,23.24,14.87,0.0,68.3
2023-09-10,19.1,24.67,14.41,0.0,64.43
2023-09-11,19.03,23.48,15.58,0.11,65.57
2023-09-12,18.53,22.66,15.52,0.01,62.62
2023-09-13,18.16,22.81,14.29,0.06,58.68
2023-09-14,18.61,23.56,14.66,0.01,60.7
2023-09-15,18.91,23.44,14.29,0.0,62.25
2023-09-16,19.02,23.6,15.93,0.0,62.3
2023-09-17,19.19,23.95,16.2,0.0,59.9
2023-09-18,19.3,23.91,15.87,0.0,56.86
2023-09-19,19.39,25.03,15.2,0.03,54.26
2023-09-20,19.27,24.04,15.69,0.06,60.32
2023-09-21,19.11,23.67,15.71,0.03,64.31
2023-09-22,19.19,23.76,15.47,0.0,67.05
2023-09-23,19.21,24.08,16.11,0.0,67.69
2023-09-24,19.57,24.16,16.35,0.01,67.35
2023-09-25,19.76,23.37,17.23,0.0,64.55
2023-09-26,18.65,22.84,15.9,0.0,67.16
2023-09-27,18.43,22.62,14.82,0.0,70.22
2023-09-28,18.76,23.14,15.35,0.01,67.93
2023-09-29,18.6,22.05,16.18,0.01,69.7
2023-09-30,18.47,22.49,15.36,0.02,67.13
2023-10-01,19.11,23.49,15.5,0.02,67.53
2023-10-02,18.57,22.26,15.97,0.05,73.94
2023-10-03,18.39,22.96,15.43,0.05,69.56
2023-10-04,18.08,22.0,14.99,0.01,72.99
2023-10-05,18.18,22.93,14.63,0.02,70.52
2023-10-06,18.17,22.8,15.13,0.0,73.37
2023-10-07,18.8,23.03,15.7,0.0,70.21
2023-10-08,18.79,23.79,15.69,0.0,69.43
2023-10-09,18.64,21.85,16.76,0.07,73.78
2023-10-10,19.27,23.67,16.3,0.11,69.62
2023-10-11,19.27,24.55,15.23,0.0,64.47
2023-10-12,19.47,24.38,15.61,0.0,62.48
2023-10-13,19.5,23.37,16.51,0.01,62.65
2023-10-14,19.2,23.49,15.33,0.0,65.04
2023-10-15,19.28,23.65,16.37,0.0,68.28
2023-10-16,19.09,23.82,16.11,0.02,70.44
2023-10-17,18.46,21.82,15.82,0.04,73.62
2023-10-18,18.47,21.57,16.29,0.04,72.34
2023-10-19,19.65,23.84,16.61,0.0,68.01
2023-10-20,19.0,22.94,16.12,0.01,71.29
2023-10-21,18.87,22.4,16.11,0.02,70.92
2023-10-22,17.93,20.67,16.1,0.0,78.1
2023-10-23,19.14,22.66,16.51,0.01,69.44
2023-10-24,19.24,23.16,16.3,0.05,69.65
2023-10-25,18.09,20.83,16.31,0.07,75.83
2023-10-26,17.93,21.57,15.25,0.09,75.23
2023-10-27,17.03,20.95,14.35,0.02,78.07
2023-10-28,17.18,20.77,14.08,0.03,75.45
2023-10-29,18.26,22.63,15.68,0.0,71.67
2023-10-30,18.84,23.23,15.85,0.0,67.44
2023-10-31,18.72,23.49,15.78,0.07,63.31
2023-11-01,18.21,22.16,15.51,0.02,58.52
2023-11-02,17.98,22.03,14.89,0.0,68.61
2023-11-03,18.33,22.92,14.98,0.0,70.28
2023-11-04,18.47,23.01,14.99,0.05,69.76
2023-11-05,18.54,22.73,15.65,0.38,69.57
2023-11-06,19.03,23.14,16.16,0.32,69.77
2023-11-07,19.56,24.48,16.32,0.0,67.65
2023-11-08,19.61,24.76,15.68,0.02,66.48
2023-11-09,19.19,23.02,15.57,0.02,69.59
2023-11-10,19.89,24.2,16.65,0.01,63.77
2023-11-11,20.02,24.61,16.03,0.0,61.45
2023-11-12,19.92,24.16,16.37,0.0,64.88
2023-11-13,19.7,24.55,15.77,0.0,66.39
2023-11-14,19.3,23.62,16.62,0.0,65.9
2023-11-15,18.94,22.79,15.87,0.04,66.44
2023-11-16,19.35,23.49,15.96,0.01,68.32
2023-11-17,19.24,23.38,16.26,0.0,67.88
2023-11-18,18.3,21.76,15.75,0.0,69.9
2023-11-19,18.31,23.3,15.13,0.0,69.72
2023-11-20,17.93,22.88,14.52,0.0,68.15
2023-11-21,18.29,22.31,14.93,0.0,69.08
2023-11-22,18.39,22.37,15.14,0.0,65.85
2023-11-23,18.37,21.0,16.47,0.02,66.39
2023-11-24,18.8,21.21,17.09,0.02,68.4
2023-11-25,18.89,21.89,16.7,0.04,70.4
2023-11-26,19.2,23.09,16.48,0.19,70.16
2023-11-27,19.33,22.73,16.65,0.0,70.98
2023-11-28,19.15,22.53,16.66,0.0,69.82
2023-11-29,19.45,23.13,16.41,0.0,63.12
2023-11-30,19.15,23.48,16.0,0.03,70.88
2023-12-01,18.27,20.78,16.65,0.05,76.63
2023-12-02,19.05,22.96,16.31,0.03,71.32
2023-12-03,19.9,24.29,16.27,0.0,64.29
2023-12-04,19.17,23.22,16.2,0.0,63.24
2023-12-05,19.18,23.71,16.05,0.06,63.7
2023-12-06,19.19,23.93,16.15,0.02,68.5
2023-12-07,18.92,22.17,15.96,0.17,73.22
2023-12-08,19.47,24.25,15.94,0.04,70.46
2023-12-09,20.08,24.41,16.66,0.0,66.0
2023-12-10,20.04,23.77,17.27,5.85,69.12
2023-12-11,20.22,24.43,17.52,2.43,73.35
2023-12-12,20.38,24.17,17.7,0.03,72.75
2023-12-13,19.9,24.06,16.62,0.1,71.59
2023-12-14,20.01,24.26,17.0,0.03,69.86
2023-12-15,19.96,24.02,16.56,0.01,71.99
2023-12-16,19.96,24.02,16.97,0.04,71.42
2023-12-17,20.21,23.4,17.43,0.12,71.37
2023-12-18,20.37,24.14,17.72,0.0,72.9
2023-12-19,20.43,24.38,17.84,0.0,69.31
2023-12-20,19.33,22.44,17.45,0.04,72.23
2023-12-21,19.59,24.36,16.53,0.32,72.52
2023-12-22,20.08,25.11,16.92,0.19,71.39
2023-12-23,19.95,24.87,16.49,0.06,72.91
2023-12-24,20.7,26.02,17.01,0.02,69.82
2023-12-25,19.82,23.95,16.92,0.3,75.38
2023-12-26,20.23,25.27,16.68,0.49,73.17
2023-12-27,19.58,23.78,16.91,0.08,75.9
2023-12-28,19.38,23.09,16.79,0.16,79.29
2023-12-29,19.55,23.12,16.42,0.23,78.13
2023-12-30,19.09,21.77,16.73,0.11,80.96
2023-12-31,18.69,21.93,16.76,0.36,82.8
2024-01-01,19.25,22.79,16.67,0.08,82.19
2024-01-02,18.97,22.39,17.11,0.13,82.71
2024-01-03,18.94,22.02,16.71,0.09,81.12
2024-01-04,19.82,23.95,16.81,0.1,77.04
2024-01-05,20.45,24.95,17.86,0.02,74.92
2024-01-06,20.49,24.76,17.48,0.02,76.19
2024-01-07,20.79,25.25,17.39,0.02,75.01
2024-01-08,20.29,24.16,17.77,0.01,78.92
2024-01-09,20.74,25.54,17.14,0.03,77.32
2024-01-10,20.55,25.22,17.51,0.01,78.86
2024-01-11,20.13,24.17,17.44,0.02,78.22
2024-01-12,19.73,23.3,17.44,0.21,81.11
2024-01-13,20.35,24.36,17.01,0.14,78.71
2024-01-14,19.92,22.85,17.86,0.55,80.45
2024-01-15,20.24,24.68,16.96,0.09,78.76
2024-01-16,20.97,25.88,17.47,0.07,75.57
2024-01-17,20.58,23.92,18.16,0.04,77.1
2024-01-18,20.85,25.51,17.22,0.15,76.54
2024-01-19,20.92,24.89,18.27,0.15,76.36
2024-01-20,21.0,25.69,17.69,0.06,75.22
2024-01-21,21.18,25.8,17.95,0.04,72.25
2024-01-22,21.06,24.34,18.58,0.08,76.38
2024-01-23,21.96,25.62,19.19,0.03,74.9
2024-01-24,21.93,25.67,18.9,0.0,76.99
2024-01-25,22.07,26.42,19.05,0.01,73.08
2024-01-26,22.01,26.81,18.99,0.03,76.32
2024-01-27,21.58,25.63,19.07,0.05,81.19
2024-01-28,21.67,25.61,18.71,0.11,78.71
2024-01-29,22.1,26.0,19.46,0.02,75.9
2024-01-30,22.11,26.53,19.03,0.05,74.16
2024-01-31,21.64,26.51,19.05,0.06,75.25
2024-02-01,21.35,26.02,18.35,0.13,76.43
2024-02-02,20.88,24.65,18.16,0.12,80.11
2024-02-03,20.76,25.14,17.74,0.62,79.95
2024-02-04,22.39,27.31,18.54,0.18,72.28
2024-02-05,21.54,25.88,18.77,0.03,76.74
2024-02-06,21.51,26.07,18.16,0.1,76.43
2024-02-07,20.36,23.21,18.27,0.2,82.12
2024-02-08,21.83,25.52,18.86,0.02,74.06
2024-02-09,21.62,24.51,19.43,0.02,72.74
2024-02-10,22.15,26.35,19.25,0.02,75.11
2024-02-11,21.83,25.87,18.61,0.07,75.47
2024-02-12,21.21,23.79,18.91,0.2,81.17
2024-02-13,21.59,25.13,19.15,0.12,79.84
2024-02-14,22.37,26.52,19.58,0.17,75.66
2024-02-15,22.14,26.76,19.1,0.27,77.15
2024-02-16,22.23,27.39,19.0,0.21,76.72
2024-02-17,22.02,26.14,19.07,0.15,74.68
2024-02-18,21.4,25.02,19.05,0.14,79.13
2024-02-19,21.49,24.55,19.38,0.07,78.23
2024-02-20,20.9,24.38,18.5,0.12,79.9
2024-02-21,20.88,25.17,18.03,0.09,79.96
2024-02-22,20.69,24.79,17.93,0.06,80.69
2024-02-23,20.19,23.16,18.33,0.17,84.01
2024-02-24,20.61,23.26,18.52,0.31,82.19
2024-02-25,20.57,23.34,18.73,0.28,80.11
2024-02-26,20.43,24.41,17.72,0.47,80.22
2024-02-27,20.82,25.37,17.62,0.21,79.09
2024-02-28,20.55,24.22,18.27,1.13,80.84
2024-02-29,20.09,23.04,18.53,0.47,83.04
2024-03-01,19.82,22.76,17.97,0.18,81.48
2024-03-02,20.11,24.49,17.48,0.19,79.24
2024-03-03,20.46,25.06,16.83,0.22,78.11
2024-03-04,20.62,24.58,18.18,0.3,81.43
2024-03-05,20.87,24.05,18.38,0.04,79.92
2024-03-06,21.19,24.85,18.77,0.13,78.93
2024-03-07,21.81,25.68,18.82,0.01,74.75
2024-03-08,21.13,24.47,18.86,0.13,77.46
2024-03-09,21.35,25.52,18.82,0.28,77.67
2024-03-10,21.07,24.97,18.1,0.25,78.65
2024-03-11,21.36,25.72,18.57,0.15,77.18
2024-03-12,21.24,25.92,18.54,0.06,76.56
2024-03-13,21.5,26.42,18.56,0.0,74.21
2024-03-14,21.3,26.23,18.05,0.01,72.09
2024-03-15,21.53,26.89,17.74,0.01,70.43
2024-03-16,21.13,25.41,18.01,0.43,74.82
2024-03-17,20.77,23.48,18.83,0.36,78.33
2024-03-18,20.82,24.57,18.85,0.5,74.29
2024-03-19,20.73,23.32,18.92,0.23,75.21
2024-03-20,21.01,25.11,17.99,0.02,72.33
2024-03-21,21.2,25.05,18.3,0.05,72.19
2024-03-22,20.16,23.01,18.2,0.17,78.2
2024-03-23,19.85,22.67,18.33,0.59,83.23
2024-03-24,20.68,24.86,17.97,0.13,78.06
2024-03-25,20.92,24.48,18.81,0.08,73.77
2024-03-26,20.08,22.71,18.0,0.3,77.65
2024-03-27,20.05,23.0,17.71,0.17,76.5
2024-03-28,20.9,25.69,17.98,0.14,72.32
2024-03-29,20.57,24.84,17.43,0.1,75.69
2024-03-30,20.32,24.36,17.68,0.08,76.91
2024-03-31,20.3,24.58,17.65,0.41,78.27
2024-04-01,20.17,24.6,17.71,0.77,77.28
2024-04-02,19.72,24.13,16.97,0.24,79.67
2024-04-03,19.84,24.37,16.89,0.07,76.84
2024-04-04,19.93,23.7,17.3,0.24,78.27
2024-04-05,20.08,24.2,17.62,0.1,80.47
2024-04-06,20.32,24.8,17.13,0.22,79.44
2024-04-07,20.77,25.35,18.04,0.19,76.68
2024-04-08,20.13,24.28,17.78,0.06,79.17
2024-04-09,20.22,24.84,17.49,0.33,78.31
2024-04-10,20.32,24.17,17.76,0.47,78.17
2024-04-11,20.4,24.04,17.9,0.07,72.64
2024-04-12,20.89,25.17,18.22,0.06,68.92
2024-04-13,20.28,24.88,17.28,0.05,70.97
2024-04-14,19.49,24.34,16.14,0.08,67.06
2024-04-15,19.22,24.18,15.79,0.04,65.28
2024-04-16,19.5,24.1,16.08,0.0,70.35
2024-04-17,20.06,24.69,16.43,0.0,67.0
2024-04-18,19.96,24.63,16.27,0.0,65.62
2024-04-19,19.56,23.8,16.27,0.0,69.11
2024-04-20,19.6,24.45,16.31,0.01,70.9
2024-04-21,19.02,22.97,16.63,0.06,75.24
2024-04-22,19.44,24.32,15.84,0.11,75.16
2024-04-23,19.98,24.75,16.7,0.06,73.83
2024-04-24,19.87,24.77,16.73,0.02,72.62
2024-04-25,19.92,24.64,16.62,0.05,72.42
2024-04-26,19.62,23.96,17.2,0.0,76.27
2024-04-27,19.3,23.71,16.64,0.0,77.37
2024-04-28,19.15,23.41,16.71,0.0,76.39
2024-04-29,19.86,24.73,16.38,0.0,71.86
2024-04-30,20.19,24.25,17.32,0.01,71.65
2024-05-01,20.12,24.34,17.49,0.01,71.68
2024-05-02,19.63,24.09,16.86,0.03,71.55
2024-05-03,18.99,24.06,16.38,0.01,69.97
2024-05-04,19.04,22.65,16.51,0.0,68.53
2024-05-05,19.18,24.2,15.8,0.0,68.71
2024-05-06,19.1,23.9,16.01,0.0,70.08
2024-05-07,18.75,23.35,15.79,0.0,71.99
2024-05-08,19.08,24.24,16.14,0.0,71.84
2024-05-09,19.09,23.43,16.24,0.0,70.86
2024-05-10,19.11,23.23,16.1,0.0,69.5
2024-05-11,19.22,23.88,16.25,0.01,67.44
2024-05-12,18.83,22.97,16.12,0.01,67.41
2024-05-13,19.11,23.37,15.47,0.01,64.91
2024-05-14,19.4,23.61,16.61,0.01,63.69
2024-05-15,18.39,22.4,15.53,0.01,67.4
2024-05-16,18.24,22.43,14.84,0.03,68.93
2024-05-17,19.16,23.46,16.58,0.02,63.93
2024-05-18,19.04,23.95,15.38,0.01,61.26
2024-05-19,19.02,23.47,15.89,0.0,59.83
2024-05-20,19.24,24.07,16.35,0.03,53.56
2024-05-21,18.79,23.95,15.44,0.04,55.64
2024-05-22,18.68,23.29,14.81,0.0,58.73
2024-05-23,18.15,22.72,14.83,0.0,62.03
2024-05-24,18.22,22.5,14.92,0.0,60.75
2024-05-25,18.6,23.82,14.99,0.0,56.01
2024-05-26,18.08,22.85,14.86,0.0,53.33
2024-05-27,18.14,23.31,14.47,0.0,57.38
2024-05-28,17.62,22.07,14.66,0.75,62.94
2024-05-29,18.31,23.03,14.81,0.01,61.17
2024-05-30,17.99,23.48,13.85,0.0,61.08
2024-05-31,17.92,22.99,13.88,0.0,59.86
2024-06-01,18.82,24.01,14.33,0.0,54.87
2024-06-02,18.56,23.12,14.95,0.07,54.67
2024-06-03,18.48,24.69,13.73,0.01,60.29
2024-06-04,18.28,23.29,14.14,0.0,58.5
2024-06-05,17.71,22.46,13.73,0.0,58.35
2024-06-06,17.47,23.02,12.71,0.0,57.59
2024-06-07,17.81,23.37,12.78,0.0,52.83
2024-06-08,17.49,23.99,12.45,0.0,56.33
2024-06-09,17.02,22.28,13.45,0.0,60.94
2024-06-10,17.12,22.05,13.32,0.0,63.16
2024-06-11,18.4,23.23,14.87,0.0,62.08
2024-06-12,18.7,23.87,15.65,0.0,56.88
2024-06-13,17.31,21.79,14.79,0.0,64.46
2024-06-14,17.29,22.37,13.77,0.01,62.84
2024-06-15,17.34,21.93,14.3,0.03,68.14
2024-06-16,17.51,22.11,14.58,0.04,70.67
2024-06-17,17.1,21.6,14.25,0.03,69.28
2024-06-18,16.44,21.16,13.68,0.05,68.78
2024-06-19,16.52,20.75,13.43,0.25,64.59
2024-06-20,17.39,20.8,14.98,0.03,66.25
2024-06-21,18.17,22.41,15.58,0.02,58.26
2024-06-22,18.0,22.81,14.53,0.04,60.0
2024-06-23,17.97,22.69,14.68,0.05,60.37
2024-06-24,17.5,22.57,14.57,0.06,66.78
2024-06-25,16.71,21.83,13.27,0.01,68.87
2024-06-26,16.57,21.78,13.0,0.02,69.2
2024-06-27,16.82,22.25,13.05,0.05,67.61
2024-06-28,16.45,21.22,12.8,0.04,69.58
2024-06-29,17.0,21.54,14.16,0.23,68.7
2024-06-30,17.49,22.12,13.99,0.02,63.35
2024-07-01,18.09,22.66,14.52,0.0,55.98
2024-07-02,17.86,22.48,14.67,0.0,64.52
2024-07-03,17.94,22.73,14.79,0.0,64.51
2024-07-04,17.66,23.68,14.2,0.02,62.41
2024-07-05,16.58,21.49,13.4,0.07,67.2
2024-07-06,16.98,22.24,13.29,0.02,67.54
2024-07-07,17.53,21.66,14.61,0.01,65.58
2024-07-08,17.49,22.59,14.18,0.08,65.84
2024-07-09,16.73,21.81,13.02,0.03,60.44
2024-07-10,16.91,21.9,12.76,0.02,55.18
2024-07-11,16.76,22.1,12.92,0.0,51.67
2024-07-12,16.4,22.3,11.76,0.03,57.73
2024-07-13,17.24,22.39,12.92,0.06,55.2
2024-07-14,17.37,22.59,14.36,0.04,56.05
2024-07-15,17.41,22.46,13.49,0.0,57.34
2024-07-16,17.29,22.48,13.16,0.0,63.07
2024-07-17,17.56,23.55,13.12,0.0,52.44
2024-07-18,17.12,22.95,12.61,0.0,51.23
2024-07-19,16.68,22.5,12.05,0.0,55.43
2024-07-20,16.09,21.57,12.04,0.0,61.02
2024-07-21,16.42,21.61,12.4,0.0,62.51
2024-07-22,16.91,21.94,12.98,0.39,62.21
2024-07-23,17.37,21.93,14.01,0.02,62.17
2024-07-24,17.18,22.28,13.35,0.0,61.76
2024-07-25,17.34,21.57,13.65,0.0,64.9
2024-07-26,17.76,22.22,14.54,0.0,62.72
2024-07-27,17.94,22.5,14.35,0.0,62.5
2024-07-28,18.13,22.87,14.9,0.0,63.3
2024-07-29,17.83,22.8,14.6,0.0,64.89
2024-07-30,18.2,23.61,14.59,0.0,63.45
2024-07-31,18.45,23.02,14.75,0.0,56.71
2024-08-01,18.6,24.06,14.54,0.0,53.48
2024-08-02,17.27,21.99,14.27,0.0,57.16
2024-08-03,16.84,21.68,13.02,0.0,56.56
2024-08-04,16.97,21.66,13.34,0.0,54.25
2024-08-05,17.14,21.77,13.58,0.0,57.55
2024-08-06,17.24,21.99,13.81,0.0,55.18
2024-08-07,17.12,22.39,13.15,0.0,52.36
2024-08-08,16.59,21.99,12.81,0.0,50.11
2024-08-09,17.02,22.06,13.1,0.01,49.47
2024-08-10,17.27,22.13,13.98,0.01,54.78
2024-08-11,17.35,22.2,13.6,0.0,51.44
2024-08-12,17.17,21.44,13.53,0.0,62.39
2024-08-13,17.64,22.5,13.59,0.0,60.44
2024-08-14,17.84,22.6,14.12,0.0,57.97
2024-08-15,18.05,23.33,13.7,0.0,55.44
2024-08-16,17.86,23.06,13.66,0.0,56.15
2024-08-17,17.44,22.65,13.6,0.0,61.52
2024-08-18,17.34,21.83,13.46,0.0,63.96
2024-08-19,18.21,23.33,15.04,0.0,61.75
2024-08-20,17.73,22.56,13.76,0.01,63.87
2024-08-21,17.58,23.18,14.34,0.05,61.87
2024-08-22,17.16,22.02,13.96,0.04,63.26
2024-08-23,16.89,21.54,13.04,0.01,66.29
2024-08-24,16.9,20.77,13.95,0.01,66.91
2024-08-25,17.13,21.77,13.65,0.3,66.36
2024-08-26,17.91,23.17,13.78,0.03,59.81
2024-08-27,18.16,22.37,14.94,0.01,56.55
2024-08-28,17.45,23.03,13.36,0.01,61.28
2024-08-29,17.33,22.06,13.94,0.0,60.22
2024-08-30,17.14,21.62,13.15,0.0,60.94
2024-08-31,17.51,22.54,13.79,0.0,52.92
2024-09-01,17.4,22.96,12.63,0.0,56.44
2024-09-02,17.32,21.88,14.28,0.0,59.18
2024-09-03,17.23,22.27,13.8,0.59,58.82
2024-09-04,17.93,23.37,13.46,0.03,58.79
2024-09-05,18.19,23.91,14.07,0.07,56.49
2024-09-06,18.25,23.3,13.71,0.06,61.41
2024-09-07,18.85,23.05,15.64,0.0,58.05
2024-09-08,18.96,23.69,15.51,0.0,56.98
2024-09-09,18.71,23.66,15.27,0.0,58.01
2024-09-10,18.15,23.37,14.23,0.0,59.29
2024-09-11,18.57,23.26,14.76,0.0,57.73
2024-09-12,18.54,23.4,15.13,0.0,58.39
2024-09-13,18.78,22.34,15.46,0.0,57.13
2024-09-14,18.55,23.49,15.04,0.01,54.15
2024-09-15,18.77,23.13,15.55,0.0,56.63
2024-09-16,18.84,23.61,14.72,0.0,55.83
2024-09-17,19.51,23.92,15.89,0.0,52.25
2024-09-18,19.12,22.99,16.09,0.0,54.31
2024-09-19,18.57,22.82,15.57,0.0,57.24
2024-09-20,18.3,22.81,14.83,0.0,61.39
2024-09-21,18.01,22.59,14.46,0.0,61.72
2024-09-22,18.11,22.36,15.34,0.0,63.55
2024-09-23,17.94,22.3,14.06,0.03,62.85
2024-09-24,18.34,22.66,14.77,0.03,60.72
2024-09-25,18.11,22.46,15.23,0.02,61.75
2024-09-26,18.14,22.19,15.2,0.02,63.99
2024-09-27,17.96,23.07,14.47,0.07,61.94
2024-09-28,17.73,21.17,15.25,0.07,62.85
2024-09-29,17.89,22.12,15.03,0.0,63.71
2024-09-30,17.67,22.31,13.63,0.0,64.55
2024-10-01,17.92,22.17,14.72,0.01,64.39
2024-10-02,18.28,22.71,14.6,0.02,63.33
2024-10-03,18.8,23.45,14.03,0.04,61.59
2024-10-04,19.62,23.64,15.67,0.15,57.63
2024-10-05,19.44,23.98,15.75,0.09,57.76
2024-10-06,18.41,22.12,15.47,0.03,60.01
2024-10-07,17.96,21.25,15.03,0.02,66.74
2024-10-08,18.35,22.72,15.09,0.02,63.32
2024-10-09,18.07,22.78,14.12,0.0,61.7
2024-10-10,18.05,22.77,14.62,0.0,58.44
2024-10-11,18.06,22.08,14.69,0.0,53.35
2024-10-12,18.3,23.53,13.79,0.0,51.52
2024-10-13,19.3,23.26,15.88,0.0,51.08
2024-10-14,19.22,23.46,15.93,0.01,57.05
2024-10-15,19.17,23.0,16.22,0.02,57.41
2024-10-16,19.52,23.11,16.24,0.01,54.8
2024-10-17,19.47,23.94,15.62,0.0,56.47
2024-10-18,19.83,27.1,15.44,0.0,49.87
2024-10-19,18.77,23.5,15.57,0.0,53.2
2024-10-20,17.56,22.1,14.56,0.0,61.83
2024-10-21,16.59,20.29,14.4,0.0,66.12
2024-10-22,17.58,22.22,14.07,0.03,68.24
2024-10-23,17.18,20.31,15.16,0.03,71.48
2024-10-24,18.42,23.24,14.85,0.07,63.31
2024-10-25,18.15,22.73,14.0,0.05,63.0
2024-10-26,18.38,22.88,14.55,0.0,57.63
2024-10-27,18.76,23.4,14.88,0.0,59.02
2024-10-28,18.69,23.06,15.12,0.01,62.17
2024-10-29,18.81,22.67,15.61,0.02,63.44
2024-10-30,18.87,23.34,15.68,0.01,64.15
2024-10-31,18.67,23.26,15.24,0.01,62.61
2024-11-01,17.69,22.48,13.99,0.01,63.21
2024-11-02,17.58,21.39,14.12,0.02,70.51
2024-11-03,17.84,22.34,15.02,0.2,72.24
2024-11-04,18.26,22.13,15.59,0.02,70.13
2024-11-05,18.17,22.36,15.75,0.02,69.75
2024-11-06,17.95,21.67,14.87,0.01,70.05
2024-11-07,17.97,22.66,14.72,0.01,65.59
2024-11-08,17.27,20.94,14.42,0.13,72.94
2024-11-09,17.36,21.35,13.89,0.06,74.86
2024-11-10,18.08,21.86,14.92,0.02,71.21
2024-11-11,18.96,23.1,16.21,0.0,63.2
2024-11-12,16.8,18.91,15.27,0.15,75.97
2024-11-13,17.64,21.38,14.46,0.05,72.66
2024-11-14,18.12,21.78,15.68,0.0,70.78
2024-11-15,17.66,20.94,15.5,0.19,72.49
2024-11-16,18.48,22.63,15.48,0.01,68.21
2024-11-17,17.95,21.48,15.36,0.0,68.01
2024-11-18,18.78,23.48,15.6,0.01,66.81
2024-11-19,17.91,22.55,15.05,0.01,72.6
2024-11-20,17.87,21.65,15.03,0.0,71.88
2024-11-21,17.1,20.62,14.88,0.19,78.21
2024-11-22,18.07,22.3,14.62,0.33,74.91
2024-11-23,18.23,22.09,15.91,0.37,77.13
2024-11-24,18.67,22.43,15.55,0.31,74.04
2024-11-25,18.65,22.38,15.8,1.35,73.92
2024-11-26,18.45,22.53,15.39,0.22,75.0
2024-11-27,18.49,22.19,15.63,0.09,75.58
2024-11-28,19.14,23.03,16.17,0.18,70.72
2024-11-29,19.0,22.58,16.34,0.38,72.87
2024-11-30,19.13,23.46,15.88,0.27,74.43
2024-12-01,19.2,22.6,16.72,0.5,76.72
2024-12-02,18.73,22.3,16.14,0.79,76.82
2024-12-03,18.37,21.64,15.72,0.36,75.61
2024-12-04,18.67,22.96,15.67,0.01,73.87
2024-12-05,18.52,22.21,15.66,0.02,74.44
2024-12-06,17.89,21.7,15.44,0.03,77.93
2024-12-07,17.95,22.13,15.11,0.04,78.27
2024-12-08,18.3,22.38,15.24,1.81,75.12
2024-12-09,18.89,23.38,15.45,0.15,72.51
2024-12-10,19.06,22.87,16.15,0.65,74.1
2024-12-11,18.96,22.71,16.18,0.27,73.53
2024-12-12,18.48,22.38,16.32,0.26,75.31
2024-12-13,18.4,22.06,16.07,0.21,77.23
2024-12-14,17.58,20.42,15.27,0.26,79.48
2024-12-15,17.63,21.06,15.47,0.34,75.96
2024-12-16,18.11,21.15,15.77,0.55,76.73
2024-12-17,19.02,23.94,15.38,0.11,72.46
2024-12-18,18.72,21.55,16.45,0.02,76.68
2024-12-19,18.63,21.74,16.29,0.03,73.56
2024-12-20,19.53,23.92,16.71,0.01,67.23
2024-12-21,19.4,23.55,16.76,0.0,69.78
2024-12-22,18.8,23.05,15.59,0.07,75.28
2024-12-23,18.14,21.23,15.68,0.43,77.63
2024-12-24,18.7,22.81,15.41,0.02,76.36
2024-12-25,19.0,23.2,15.75,0.04,73.73
2024-12-26,18.62,22.61,15.91,0.06,74.83
2024-12-27,18.72,22.7,15.71,0.16,76.82
2024-12-28,19.25,23.77,16.39,0.06,75.06
2024-12-29,18.54,22.46,16.33,0.22,77.68
2024-12-30,18.67,22.09,15.98,0.12,76.89
2024-12-31,18.28,21.3,15.67,0.73,78.95
