Cultivo,Region,Riesgo_%,Nivel,Media_historica_ton
Papaya,Loreto,62.0,ALTO,467
Palma aceitera,Loreto,60.0,MEDIO,1060689
Mango,Piura,56.0,MEDIO,407461
Aceituna,Tacna,36.0,MEDIO,22618
Arandano,LaLibertad,34.0,BAJO,161161
Palta,LaLibertad,34.0,BAJO,640507
Cafe,SanMartin,34.0,BAJO,340045
Cacao,SanMartin,34.0,BAJO,141514
Jengibre,Junin,23.0,BAJO,43648
Mandarina,Junin,20.0,BAJO,521555
Alcachofa,Ica,13.0,BAJO,116083
Pina,Junin,9.0,BAJO,544886
Uva,Ica,6.0,BAJO,754542
Cebolla,Arequipa,0.0,BAJO,632338
Limon,Piura,0.0,BAJO,305705
Aji Rocoto,Arequipa,0.0,BAJO,177900
